Date,Distance,Calories,Durée,Fréquence cardiaque moyenne,Fréquence cardiaque maximale,TE aérobie,Cadence de course moyenne,Cadence de course maximale,Allure moyenne,Meilleure allure,Ascension totale,Descente totale,Longueur moyenne des foulées,Rapport vertical moyen,Oscillation verticale moyenne,Temps de contact moyen avec le sol,Equilibre TCS moyen,Température,Nombre de circuits,Temps de déplacement,Temps écoulé,Altitude minimale,Altitude maximale
31/12/2021 10:05,"12,43",740,01:00:00,149,179,"3,0",171,215,04:50,02:27,244,237,"1,20","7,8","9,1",219,"49,5% G / 50,5% D","11,0",20,00:59:49,01:18:12,130,184
30/12/2021 11:19,"14,77",876,01:01:22,154,177,"3,7",179,200,04:09,03:10,42,40,"1,34","6,5","8,9",204,"49,0% G / 51,0% D","16,0",3,01:01:22,01:01:22,128,155
29/12/2021 18:08,"12,55",807,00:57:26,156,179,"3,6",166,256,04:34,02:22,28,32,"1,29","6,4","7,9",239,"50,0% G / 50,0% D","10,0",25,00:53:42,01:01:45,128,139
28/12/2021 09:22,"12,24",755,00:52:30,155,179,"3,6",180,198,04:17,02:40,30,36,"1,28","6,7","8,7",208,"48,8% G / 51,2% D","11,0",9,00:52:25,00:52:30,136,149
27/12/2021 08:13,"6,55",409,00:30:00,145,156,"2,7",180,187,04:35,04:01,16,14,"1,20","7,0","8,6",211,"48,8% G / 51,2% D","9,0",1,00:30:00,00:30:00,143,153
26/12/2021 09:36,"17,37",1.004,01:10:01,156,176,"4,0",180,198,04:02,02:43,48,45,"1,36","6,3","8,8",201,"49,3% G / 50,7% D","6,0",13,01:09:59,01:10:43,131,155
24/12/2021 09:39,"17,02",945,01:15:37,148,171,"3,1",177,208,04:27,02:28,123,121,"1,25","6,8","8,4",216,"49,3% G / 50,7% D","8,0",17,01:15:18,01:15:37,143,195
23/12/2021 10:35,"13,81",799,01:00:56,144,165,"3,1",182,209,04:25,02:16,27,15,"1,20","6,9","8,5",208,"49,0% G / 51,0% D","3,0",1,01:00:51,01:00:56,133,148
22/12/2021 10:33,"16,03",851,01:09:45,151,176,"3,3",178,213,04:21,02:56,28,12,"1,24","6,6","8,2",206,"49,0% G / 51,0% D","3,0",13,01:09:17,01:14:27,124,140
21/12/2021 08:43,"6,04",356,00:29:50,141,153,"2,3",178,186,04:57,04:00,22,13,"1,11","7,9","8,8",212,"48,7% G / 51,3% D","6,0",1,00:29:50,00:29:50,124,135
20/12/2021 11:11,"10,01",554,00:43:40,146,160,"2,9",179,191,04:22,03:50,25,19,"1,27","6,9","9,0",206,"48,4% G / 51,6% D","9,0",1,00:43:36,00:43:40,143,156
19/12/2021 09:34,"16,28",926,01:15:07,149,178,"3,1",170,256,04:37,02:36,96,103,"1,19","7,3","8,6",223,"49,7% G / 50,3% D","6,0",11,01:10:46,01:35:44,151,174
18/12/2021 11:21,"12,16",679,00:51:51,149,158,"3,1",180,220,04:16,02:16,31,22,"1,29","6,7","8,7",205,"48,3% G / 51,7% D","10,0",1,00:51:48,00:53:14,142,160
17/12/2021 17:56,"10,36",628,00:51:38,144,178,"3,1",169,211,04:59,02:17,69,66,"1,16","8,0","9,0",224,"49,0% G / 51,0% D","11,0",3,00:51:07,01:01:02,134,146
16/12/2021 08:35,"12,63",717,00:56:56,147,157,"3,0",178,211,04:30,03:33,15,18,"1,16","7,7","9,1",209,"48,5% G / 51,5% D","11,0",1,00:56:56,00:56:56,119,131
15/12/2021 08:36,"14,10",808,01:00:30,152,178,"3,4",174,208,04:17,02:32,12,11,"1,30","7,1","9,1",201,"49,6% G / 50,4% D","9,0",11,01:00:21,01:05:27,121,129
14/12/2021 08:33,"6,46",376,00:31:05,147,169,"2,7",176,205,04:49,02:20,15,12,"1,10","8,4","9,3",209,"49,0% G / 51,0% D","8,0",1,00:31:04,00:31:05,120,126
13/12/2021 08:31,"10,00",559,00:45:04,148,157,"3,2",176,186,04:30,03:51,23,22,"1,23","7,5","9,5",206,"48,8% G / 51,2% D","8,0",1,00:45:03,00:45:04,140,151
12/12/2021 10:47,"12,49",727,00:55:52,150,160,"3,4",177,187,04:28,03:45,35,30,"1,24","7,3","9,3",205,"49,1% G / 50,9% D","9,0",1,00:55:51,00:55:52,133,158
10/12/2021 17:51,"13,00",671,00:54:12,150,177,"3,4",175,195,04:10,02:33,33,40,"1,36","7,0","9,5",205,"49,8% G / 50,2% D","11,0",31,00:54:04,01:01:36,129,140
09/12/2021 10:07,"14,21",752,01:01:46,145,153,"3,0",177,194,04:21,03:23,20,18,"1,21","7,6","9,3",207,"49,1% G / 50,9% D","9,0",1,01:01:34,01:03:24,122,131
08/12/2021 08:39,"12,55",766,01:02:14,152,179,"3,5",171,217,04:27,02:15,17,14,"1,27","7,5","9,2",210,"49,1% G / 50,9% D","7,0",21,01:01:54,01:08:10,124,133
06/12/2021 08:41,"8,18",399,00:36:26,149,164,"2,6",177,195,04:27,03:59,28,29,"1,21","7,3","8,9",208,"48,8% G / 51,3% D","8,0",1,00:36:22,00:36:26,144,166
05/12/2021 08:48,"12,00",594,00:54:41,144,162,"2,7",175,196,04:33,03:41,53,51,"1,21","7,5","9,3",210,"48,8% G / 51,2% D","8,0",1,00:54:40,00:54:41,136,153
04/12/2021 14:31,"2,99",157,00:11:36,146,160,"2,2",170,198,03:53,02:40,30,28,"1,52","0,0","0,0",--,--,"10,0",1,00:11:18,00:11:36,197,213
04/12/2021 13:31,"4,66",306,00:22:13,149,164,"2,9",166,180,04:46,03:54,11,9,"1,27","0,0","0,0",--,--,"12,0",1,00:22:04,00:27:30,204,212
02/12/2021 10:01,"12,16",605,00:54:32,142,156,"2,6",176,208,04:29,02:18,15,16,"1,20","7,9","9,6",204,"49,0% G / 51,0% D","9,0",1,00:54:29,00:57:55,140,152
01/12/2021 08:44,"13,18",725,01:02:25,148,175,"3,2",167,256,04:44,02:11,55,45,"1,21","7,9","9,0",220,"49,5% G / 50,5% D","11,0",25,01:01:20,01:11:28,123,142
29/11/2021 08:38,"8,68",464,00:41:53,143,157,"2,7",177,193,04:50,03:37,13,9,"1,10","8,1","9,0",205,"49,1% G / 50,9% D","3,0",1,00:41:51,00:42:00,124,134
28/11/2021 09:35,"18,84",1.006,01:22:54,152,173,"3,7",176,220,04:24,03:03,110,101,"1,19","7,3","8,7",203,"49,7% G / 50,3% D","8,0",2,01:22:43,01:46:06,150,170
27/11/2021 11:01,"13,36",717,01:00:16,146,157,"2,9",180,203,04:31,03:56,43,44,"1,21","7,2","8,9",207,"49,2% G / 50,8% D","8,0",1,01:00:16,01:00:16,145,169
26/11/2021 18:37,"1,00",65,"00:05:45,2",130,138,"0,7",169,184,05:45,05:00,2,--,"1,01","9,3","8,9",229,"49,7% G / 50,3% D","9,0",1,00:05:45,"00:05:45,2",134,138
26/11/2021 17:34,"10,00",562,00:50:28,138,169,"2,6",167,233,05:03,02:31,84,71,"1,17","8,1","9,3",219,"49,8% G / 50,2% D","8,0",2,00:50:09,01:00:20,171,182
25/11/2021 09:52,"16,01",840,01:08:07,146,153,"3,0",180,190,04:15,03:48,19,12,"1,26","6,7","8,7",201,"48,9% G / 51,1% D","7,0",1,01:08:07,01:08:07,124,132
24/11/2021 10:09,"13,02",741,01:00:56,150,174,"3,2",166,256,04:41,02:23,16,3,"1,25","7,3","8,6",221,"49,3% G / 50,7% D","7,0",25,00:59:05,01:04:11,123,133
22/11/2021 08:39,"7,73",405,00:36:49,143,158,"2,5",176,195,04:46,04:00,5,7,"1,15","8,1","9,5",211,"49,5% G / 50,5% D","13,0",1,00:36:49,00:37:07,121,127
21/11/2021 09:34,"18,01",980,01:18:58,149,173,"3,5",172,214,04:23,03:06,108,102,"1,25","7,7","9,7",205,"49,6% G / 50,4% D","7,0",3,01:18:50,01:34:55,154,176
20/11/2021 11:01,"11,43",626,00:50:34,141,150,"2,6",175,196,04:25,04:04,30,21,"1,28","7,3","9,7",209,"49,2% G / 50,8% D","9,0",1,00:50:29,00:50:34,134,160
19/11/2021 18:28,"11,44",714,00:53:08,149,168,"3,1",165,204,04:39,02:24,60,58,"1,30","0,0","0,0",--,--,"11,0",2,00:52:51,00:54:47,151,163
18/11/2021 10:27,"16,41",879,01:09:59,147,160,"3,0",176,200,04:16,03:45,21,19,"1,29","7,0","9,3",206,"49,0% G / 51,0% D","11,0",1,01:09:58,01:09:59,120,130
17/11/2021 08:32,"13,24",681,00:57:34,151,173,"3,3",174,256,04:21,02:19,14,14,"1,30","7,3","9,2",216,"49,1% G / 50,9% D","8,0",33,00:57:22,01:02:43,126,136
15/11/2021 08:36,"7,39",390,00:34:21,145,163,"2,4",174,191,04:39,03:50,10,7,"1,20","7,5","9,2",212,"48,7% G / 51,3% D","11,0",1,00:34:21,00:34:21,124,131
14/11/2021 10:32,"10,12",510,00:34:46,158,169,"3,5",176,194,03:26,03:03,13,12,"1,65","0,0","0,0",--,--,"12,0",11,00:34:39,00:34:46,123,129
14/11/2021 10:00,"3,25",215,00:16:21,142,155,"2,3",164,184,05:02,03:02,2,3,"1,21","0,0","0,0",--,--,"15,0",2,00:15:53,00:19:08,126,131
12/11/2021 08:45,"8,60",445,00:38:54,136,153,"2,2",173,196,04:32,02:39,15,11,"1,27","0,0","0,0",--,--,"9,0",14,00:38:50,00:39:33,124,132
11/11/2021 08:36,"10,01",565,00:45:19,141,163,"2,7",175,190,04:32,03:32,16,13,"1,26","0,0","0,0",--,--,"8,0",3,00:45:19,00:45:34,122,132
10/11/2021 08:34,"12,60",740,00:58:12,145,171,"3,3",163,206,04:37,02:42,16,13,"1,30","0,0","0,0",--,--,"7,0",14,00:57:39,01:05:11,121,128
09/11/2021 08:39,"10,51",640,00:50:09,144,157,"2,9",169,219,04:46,02:06,24,19,"1,25","0,0","0,0",--,--,"9,0",3,00:49:45,00:52:43,93,127
08/11/2021 08:19,"7,54",469,00:34:23,146,160,"3,0",175,186,04:34,03:57,9,8,"1,25","0,0","0,0",--,--,"11,0",1,00:34:22,00:34:23,119,125
07/11/2021 09:38,"15,44",866,01:04:48,151,172,"3,7",173,196,04:12,02:49,77,70,"1,31","6,8","9,1",208,"49,8% G / 50,2% D","8,0",3,01:04:43,01:08:04,152,184
05/11/2021 08:37,"14,66",781,01:03:46,150,176,"3,4",173,210,04:21,02:59,14,22,"1,33","6,8","8,9",209,"50,3% G / 49,7% D","9,0",9,01:03:40,01:07:10,115,127
04/11/2021 10:38,"10,13",565,00:46:46,141,156,"2,5",170,217,04:37,02:09,18,21,"1,17","8,2","9,3",221,"49,3% G / 50,7% D","9,0",2,00:46:35,00:47:11,121,131
03/11/2021 08:37,"11,79",652,00:57:10,148,172,"3,0",163,208,04:51,02:28,9,7,"1,22","7,6","8,6",233,"50,5% G / 49,5% D","10,0",25,00:56:05,01:01:43,119,128
02/11/2021 08:40,"9,59",579,00:45:04,143,154,"2,9",174,187,04:42,03:40,8,7,"1,18","7,7","9,3",214,"49,0% G / 51,0% D","14,0",1,00:45:03,00:45:04,122,130
01/11/2021 10:11,"3,49",223,00:16:13,146,164,"2,4",170,178,04:39,04:16,6,4,"1,26","0,0","0,0",--,--,"19,0",1,00:16:13,00:16:13,135,140
31/10/2021 09:37,"14,79",824,01:01:57,151,174,"3,0",165,204,04:11,02:26,32,26,"1,43","0,0","0,0",--,--,"15,0",7,01:01:28,01:23:43,135,153
30/10/2021 11:28,"9,32",601,00:42:28,150,164,"3,3",172,181,04:33,03:41,38,37,"1,27","0,0","0,0",--,--,"8,0",1,00:42:28,00:42:28,139,152
29/10/2021 17:40,"14,00",813,01:01:46,148,165,"3,1",164,222,04:25,02:18,127,125,"1,38","0,0","0,0",--,--,"10,0",7,01:01:41,01:07:28,133,166
28/10/2021 10:22,"15,14",858,01:03:19,151,173,"3,7",175,188,04:11,03:16,15,9,"1,33","6,8","9,2",207,"49,0% G / 51,0% D","9,0",16,01:03:15,01:03:51,124,132
27/10/2021 08:35,"14,82",894,01:07:47,151,175,"3,5",168,217,04:34,02:22,17,15,"1,24","7,4","8,9",222,"50,0% G / 50,0% D","9,0",21,01:07:17,01:09:31,114,124
25/10/2021 08:02,"10,41",603,00:48:46,140,155,"2,7",175,185,04:41,03:55,11,5,"1,19","7,7","9,3",219,"49,2% G / 50,8% D","5,0",1,00:48:46,00:48:46,123,131
24/10/2021 08:22,"11,50",635,00:49:34,150,170,"3,3",176,195,04:19,02:55,39,34,"1,30","6,8","8,9",210,"49,2% G / 50,8% D","4,0",17,00:49:30,00:49:43,133,156
23/10/2021 10:21,"9,06",490,00:41:08,149,164,"3,1",173,188,04:32,02:55,18,20,"1,26","7,3","9,5",214,"48,5% G / 51,5% D","13,0",1,00:41:07,00:41:08,138,151
22/10/2021 17:56,"14,75",828,01:10:41,146,173,"2,9",167,219,04:48,02:19,112,116,"1,23","8,1","9,8",224,"49,5% G / 50,5% D","12,0",3,01:10:22,01:24:25,132,165
21/10/2021 11:43,"10,98",636,00:48:43,148,159,"3,1",174,186,04:26,03:58,15,19,"1,26","7,5","9,6",212,"48,8% G / 51,2% D","15,0",1,00:48:40,00:49:40,117,126
20/10/2021 08:11,"13,01",738,00:56:41,156,179,"3,6",166,187,04:21,03:05,19,11,"1,33","7,2","9,5",213,"50,0% G / 50,0% D","9,0",7,00:55:30,01:00:06,124,133
18/10/2021 08:13,"8,01",487,00:37:05,151,160,"3,2",169,184,04:38,03:58,5,2,"1,24","8,1","10,1",214,"50,6% G / 49,4% D","8,0",1,00:37:04,00:37:05,123,128
17/10/2021 10:39,"12,17",727,00:52:18,159,179,"3,9",172,185,04:18,03:01,26,25,"1,35","7,1","9,7",207,"50,0% G / 50,0% D","11,0",11,00:52:16,00:52:18,130,153
16/10/2021 10:57,"9,50",549,00:43:52,150,161,"3,2",172,219,04:37,03:52,40,41,"1,23","7,7","9,6",211,"49,6% G / 50,4% D","12,0",1,00:43:51,00:44:17,136,151
15/10/2021 17:56,"13,09",783,01:02:00,151,177,"3,1",164,221,04:44,02:06,62,62,"1,27","8,3","10,3",222,"50,3% G / 49,7% D","13,0",19,01:01:46,01:19:22,122,160
13/10/2021 17:55,"12,62",746,01:00:58,151,179,"3,1",157,256,04:50,02:19,12,12,"1,30","7,2","8,9",237,"50,7% G / 49,3% D","10,0",31,00:58:42,01:34:24,128,140
12/10/2021 15:52,"11,50",664,00:50:11,155,165,"3,4",171,221,04:22,03:51,37,36,"1,33","6,9","9,4",213,"49,7% G / 50,3% D","15,0",1,00:50:09,00:50:11,144,166
11/10/2021 17:43,"7,15",414,00:32:47,145,162,"2,7",165,173,04:35,04:06,9,7,"1,32","0,0","0,0",--,--,"16,0",1,00:32:45,00:32:47,134,142
10/10/2021 10:42,"12,02",717,00:50:50,161,182,"3,8",172,189,04:14,02:45,34,35,"1,36","7,1","9,7",204,"50,5% G / 49,5% D","14,0",32,00:50:48,00:50:50,128,150
09/10/2021 11:26,"8,00",447,00:35:31,156,180,"3,3",170,202,04:26,02:35,27,28,"1,29","7,5","9,9",207,"50,7% G / 49,3% D","16,0",1,00:35:29,00:35:31,142,162
08/10/2021 17:56,"11,11",671,00:48:00,154,170,"3,6",168,176,04:19,03:44,12,13,"1,38","0,0","0,0",--,--,"18,0",1,00:47:59,00:48:00,134,146
07/10/2021 10:56,"7,19",420,00:33:37,149,170,"3,0",168,179,04:41,03:37,6,6,"1,20","8,6","10,2",218,"49,6% G / 50,4% D","15,0",1,00:33:12,00:36:05,123,128
26/09/2021 09:42,"14,04",833,00:59:29,160,184,"3,5",166,256,04:14,02:42,20,29,"1,38","7,0","9,6",215,"50,5% G / 49,5% D","15,0",7,00:58:34,01:24:20,128,142
24/09/2021 10:46,"12,40",712,00:55:38,156,182,"3,5",171,199,04:29,02:52,42,43,"1,28","7,4","9,5",213,"49,8% G / 50,2% D","18,0",32,00:55:36,00:56:11,127,149
22/09/2021 07:49,"5,18",312,00:24:20,142,154,"2,3",171,184,04:42,04:16,8,7,"1,24","7,8","9,9",216,"49,9% G / 50,1% D","13,0",1,00:00:00,00:24:20,145,153
20/09/2021 17:47,"6,21",428,00:29:00,154,174,"3,1",168,176,04:40,04:04,9,10,"1,27","0,0","0,0",--,--,"21,0",1,00:00:00,00:29:30,132,139
19/09/2021 09:40,"16,51",912,01:08:58,153,176,"3,3",172,219,04:11,03:11,28,32,"1,36","6,8","9,2",209,"50,3% G / 49,7% D","15,0",7,00:00:00,01:35:15,131,145
17/09/2021 17:53,"13,21",748,01:00:53,149,179,"3,0",163,251,04:37,02:30,30,30,"1,28","7,1","8,9",232,"49,6% G / 50,4% D","16,0",9,00:00:00,01:24:06,157,167
16/09/2021 17:42,"10,01",593,00:44:46,145,154,"2,7",174,219,04:28,03:56,29,29,"1,26","7,1","9,3",218,"49,4% G / 50,6% D","19,0",1,00:00:00,00:44:46,143,164
15/09/2021 17:42,"11,65",711,00:53:30,152,179,"3,1",160,198,04:36,02:23,8,13,"1,30","6,8","8,4",232,"49,8% G / 50,2% D","20,0",27,00:00:00,01:14:22,131,138
14/09/2021 18:38,"5,25",293,00:20:17,150,167,"2,7",174,183,03:52,03:23,14,13,"1,49","0,0","0,0",--,--,"22,0",2,00:00:00,00:20:17,146,152
13/09/2021 18:23,"1,66",85,"00:05:56,2",154,167,"1,1",173,180,03:35,03:17,2,1,"1,58","6,0","9,6",184,"49,2% G / 50,8% D","23,0",1,00:00:00,00:53:37,131,137
13/09/2021 17:43,"4,40",264,00:19:39,144,154,"2,3",170,195,04:28,04:05,3,2,"1,31","7,3","9,8",216,"49,4% G / 50,6% D","23,0",1,00:00:00,00:19:39,135,139
12/09/2021 10:29,"14,10",816,00:59:07,155,174,"3,6",173,196,04:12,03:07,39,39,"1,37","6,7","9,4",208,"49,6% G / 50,4% D","20,0",7,00:00:00,00:59:07,127,153
10/09/2021 15:25,"12,02",706,00:54:02,146,157,"2,9",173,184,04:30,03:47,40,39,"1,27","7,4","9,6",214,"49,7% G / 50,3% D","22,0",1,00:00:00,00:54:02,144,165
09/09/2021 19:22,"1,87",114,"00:09:38,7",133,141,"1,2",166,177,05:09,04:47,1,1,"1,15","8,4","9,7",227,"49,6% G / 50,4% D","21,0",1,00:00:00,00:11:02,132,136
09/09/2021 18:05,"11,35",632,00:53:00,147,179,"2,8",155,240,04:40,02:07,7,8,"1,34","6,4","8,2",248,"50,6% G / 49,4% D","21,0",17,00:00:00,01:12:28,126,138
07/09/2021 18:35,"6,88",418,00:35:17,147,179,"2,7",154,256,05:08,02:09,7,6,"1,22","7,4","8,0",263,"50,2% G / 49,8% D","22,0",25,00:00:00,00:46:16,129,140
07/09/2021 17:45,"6,09",360,00:28:33,142,155,"2,4",166,192,04:41,04:10,8,8,"1,28","7,8","10,1",220,"50,0% G / 50,0% D","23,0",1,00:00:00,00:30:40,134,140
06/09/2021 17:51,"7,19",419,00:32:04,143,159,"2,6",168,176,04:28,03:56,8,5,"1,34","0,0","0,0",--,--,"24,0",1,00:00:00,00:32:04,134,141
05/09/2021 10:13,"15,51",855,01:05:01,153,173,"3,4",173,187,04:12,02:59,36,37,"1,37","6,6","9,2",208,"49,5% G / 50,5% D","20,0",7,00:00:00,01:05:01,127,150
03/09/2021 18:00,"11,20",660,00:56:21,143,177,"2,5",164,207,05:02,02:23,97,89,"1,18","8,7","9,8",222,"49,8% G / 50,2% D","20,0",17,00:00:00,01:11:26,174,189
01/09/2021 17:49,"12,58",704,00:58:22,148,177,"2,8",158,248,04:38,02:22,20,17,"1,32","7,1","8,9",232,"50,3% G / 49,7% D","20,0",25,00:00:00,01:23:00,135,143
30/08/2021 17:51,"4,31",277,00:20:11,147,168,"2,6",164,170,04:41,04:23,4,4,"1,30","0,0","0,0",--,--,"20,0",5,00:00:00,00:20:18,146,151
29/08/2021 10:50,"10,26",594,00:35:50,176,182,"4,1",172,193,03:30,02:53,18,17,"1,63","6,0","10,2",200,"51,5% G / 48,5% D","15,0",11,00:00:00,00:35:50,129,136
29/08/2021 10:28,"2,00",145,00:10:58,140,153,"2,0",173,195,05:29,04:10,2,3,"1,00","9,5","9,4",217,"49,7% G / 50,3% D","17,0",2,00:00:00,00:10:58,132,138
28/08/2021 11:30,"3,82",229,00:18:17,137,156,"2,1",173,230,04:47,02:11,9,10,"1,20","7,7","8,9",216,"49,3% G / 50,7% D","19,0",6,00:00:00,00:20:08,142,150
27/08/2021 17:43,"8,15",471,00:35:08,144,166,"2,9",180,207,04:19,03:13,21,20,"1,28","6,5","8,5",213,"49,2% G / 50,8% D","19,0",13,00:00:00,00:35:08,142,150
26/08/2021 17:27,"9,82",585,00:43:53,145,166,"2,8",178,196,04:28,03:09,23,22,"1,26","6,8","8,7",213,"49,2% G / 50,8% D","20,0",7,00:00:00,00:43:53,133,154
24/08/2021 17:51,"5,20",289,00:24:17,132,145,"2,0",171,183,04:40,04:22,11,12,"1,24","7,4","9,4",217,"48,8% G / 51,2% D","22,0",1,00:00:00,00:24:17,142,151
22/08/2021 10:33,"10,12",571,00:42:47,148,170,"3,1",175,190,04:14,03:16,17,20,"1,34","6,9","9,3",209,"50,3% G / 49,7% D","20,0",7,00:00:00,00:42:47,139,149
21/08/2021 11:08,"10,36",602,00:45:00,146,169,"3,0",172,184,04:21,03:14,21,20,"1,33","7,1","9,7",214,"49,5% G / 50,5% D","25,0",3,00:00:00,00:45:00,142,151
20/08/2021 17:31,"11,06",603,00:47:28,146,168,"3,0",172,187,04:18,03:19,23,24,"1,35","7,1","9,7",210,"49,9% G / 50,1% D","23,0",5,00:00:00,00:47:28,132,153
19/08/2021 17:01,"10,38",580,00:52:11,134,145,"2,2",170,183,05:01,04:25,37,36,"1,14","8,6","10,1",220,"49,5% G / 50,5% D","22,0",1,00:00:00,00:52:11,144,162
18/08/2021 17:24,"14,17",717,01:01:10,148,175,"3,4",173,187,04:19,03:10,43,43,"1,32","7,1","9,5",213,"50,3% G / 49,7% D","19,0",5,00:00:00,01:01:10,128,150
17/08/2021 17:08,"10,06",558,00:44:31,143,152,"2,7",172,181,04:25,04:00,21,19,"1,30","7,3","9,8",217,"49,5% G / 50,5% D","21,0",1,00:00:00,00:44:31,144,154
15/08/2021 09:58,"12,02",715,00:57:31,145,173,"2,9",165,218,04:47,02:54,146,144,"1,26","0,0","0,0",--,--,"22,0",21,00:00:00,01:00:19,125,150
14/08/2021 18:07,"10,25",608,00:49:04,142,155,"2,6",168,248,04:47,03:24,34,32,"1,24","0,0","0,0",--,--,"27,0",1,00:00:00,00:49:09,143,164
13/08/2021 17:25,"14,58",837,01:02:10,151,176,"3,6",170,180,04:16,03:12,42,42,"1,38","0,0","0,0",--,--,"28,0",9,00:00:00,01:04:31,143,163
12/08/2021 18:19,"5,43",316,00:25:02,140,151,"2,4",169,175,04:37,04:09,17,15,"1,28","0,0","0,0",--,--,"27,0",1,00:00:00,00:25:02,144,156
11/08/2021 17:02,"8,00",488,00:35:26,148,156,"3,0",168,176,04:26,03:58,26,24,"1,34","0,0","0,0",--,--,"27,0",1,00:00:00,00:35:26,145,165
09/08/2021 16:58,"13,32",740,00:55:19,153,176,"3,6",169,177,04:09,03:10,27,28,"1,43","0,0","0,0",--,--,"24,0",13,00:55:14,00:55:21,132,154
08/08/2021 09:01,"5,04",305,00:23:09,144,159,"2,5",168,176,04:36,04:02,9,10,"1,30","0,0","0,0",--,--,"19,0",1,00:23:09,00:23:09,142,150
07/08/2021 10:24,"12,01",669,00:51:00,148,166,"3,1",168,194,04:15,03:07,25,24,"1,40","0,0","0,0",--,--,"21,0",3,00:50:57,00:51:01,133,153
06/08/2021 17:16,"8,00",484,00:37:14,145,159,"2,9",168,178,04:39,03:56,22,21,"1,28","0,0","0,0",--,--,"24,0",1,00:37:13,00:37:14,146,163
05/08/2021 18:00,"12,50",699,00:52:39,152,166,"3,2",168,178,04:13,03:08,32,29,"1,41","0,0","0,0",--,--,"18,0",7,00:52:34,00:52:39,131,153
03/08/2021 17:02,"6,03",340,00:28:12,141,153,"2,3",167,174,04:41,04:18,13,15,"1,28","0,0","0,0",--,--,"21,0",1,00:28:09,00:28:12,141,149
02/08/2021 17:23,"13,61",729,00:58:55,148,168,"3,2",168,221,04:20,02:52,31,31,"1,37","0,0","0,0",--,--,"22,0",22,00:58:52,01:00:32,129,154
31/07/2021 07:39,"8,01",502,00:42:12,140,160,"2,8",167,176,05:16,03:56,7,10,"1,13","0,0","0,0",--,--,"16,0",1,00:42:11,00:42:12,-4,6
30/07/2021 07:27,"13,19",688,00:56:01,149,181,"3,2",167,180,04:15,03:06,13,16,"1,40","0,0","0,0",--,--,"18,0",7,00:55:40,00:58:20,-2,14
30/07/2021 07:27,"13,19",688,00:56:01,149,181,"3,2",167,180,04:15,03:06,13,16,"1,40","0,0","0,0",--,--,"18,0",7,00:55:40,00:58:20,-2,14
28/07/2021 07:33,"7,75",589,00:43:39,153,167,"3,3",166,174,05:38,04:24,7,9,"1,07","0,0","0,0",--,--,"20,0",2,00:43:37,00:43:39,-2,5
28/07/2021 07:33,"7,75",589,00:43:39,153,167,"3,3",166,174,05:38,04:24,7,9,"1,07","0,0","0,0",--,--,"20,0",2,00:43:37,00:43:39,-2,5
27/07/2021 07:49,"7,80",450,00:34:01,153,174,"3,2",163,248,04:22,02:25,6,18,"1,40","0,0","0,0",--,--,"17,0",22,00:33:55,00:34:01,15,32
27/07/2021 07:27,"4,15",250,00:20:35,140,160,"2,3",166,175,04:57,04:15,8,--,"1,21","0,0","0,0",--,--,"19,0",1,00:20:31,00:20:35,1,10
26/07/2021 07:36,"8,06",571,00:45:52,145,166,"3,0",164,234,05:41,04:09,9,11,"1,07","0,0","0,0",--,--,"20,0",3,00:45:47,00:45:52,-4,5
24/07/2021 09:36,"11,64",635,00:52:28,149,175,"3,3",171,180,04:30,03:14,30,29,"1,30","0,0","0,0",--,--,"23,0",7,00:52:23,00:52:36,134,153
23/07/2021 18:02,"8,21",479,00:40:01,142,157,"2,7",168,176,04:52,03:07,22,18,"1,22","0,0","0,0",--,--,"26,0",3,00:40:00,00:40:01,144,161
22/07/2021 16:29,"9,31",546,00:49:56,139,157,"2,2",161,176,05:22,04:23,137,142,"1,16","0,0","0,0",--,--,"27,0",1,00:49:49,00:49:56,156,208
21/07/2021 17:39,"12,05",670,00:51:31,150,164,"3,2",169,188,04:16,02:24,34,29,"1,38","0,0","0,0",--,--,"25,0",31,00:51:30,00:51:31,131,152
21/07/2021 17:37,"0,28",13,"00:01:24,8",119,136,"0,1",159,170,05:04,04:45,--,1,"1,25","0,0","0,0",--,--,"31,0",1,00:01:21,"00:01:24,8",148,149
19/07/2021 17:57,"5,52",332,00:25:00,146,160,"2,7",166,183,04:32,03:08,16,14,"1,33","0,0","0,0",--,--,"29,0",1,00:24:59,00:25:12,144,151
18/07/2021 15:31,"9,40",570,00:43:31,146,161,"3,1",168,178,04:38,04:12,29,27,"1,29","0,0","0,0",--,--,"28,0",1,00:43:30,00:43:31,143,163
16/07/2021 16:17,"15,01",918,01:03:45,159,178,"4,1",168,178,04:15,03:21,33,35,"1,40","0,0","0,0",--,--,"25,0",5,01:03:43,01:03:47,127,151
14/07/2021 09:49,"13,01",768,01:00:21,150,170,"3,2",162,235,04:38,02:23,48,52,"1,32","0,0","0,0",--,--,"17,0",33,01:00:08,01:04:22,137,151
12/07/2021 16:21,"6,15",388,00:27:13,153,168,"3,1",167,173,04:26,03:58,14,15,"1,35","0,0","0,0",--,--,"26,0",1,00:27:13,00:27:13,143,154
10/07/2021 11:26,"5,00",282,00:19:14,162,172,"3,4",162,186,03:51,02:25,9,7,"1,60","0,0","0,0",--,--,"22,0",1,00:18:35,00:19:14,214,223
07/07/2021 16:44,"5,00",269,00:18:40,156,166,"2,8",169,175,03:44,03:23,11,13,"1,59","0,0","0,0",--,--,"25,0",1,00:18:38,00:18:40,142,149
05/07/2021 17:52,"5,51",325,00:24:14,148,170,"2,9",162,171,04:24,04:00,14,14,"1,40","0,0","0,0",--,--,"25,0",1,00:24:12,00:24:14,141,150
04/07/2021 09:51,"12,11",698,00:50:00,156,168,"3,7",167,174,04:08,03:36,42,42,"1,45","0,0","0,0",--,--,"22,0",1,00:50:00,00:50:00,144,164
01/07/2021 18:23,"11,03",562,00:48:45,143,164,"2,5",165,186,04:25,02:36,23,21,"1,37","0,0","0,0",--,--,"19,0",9,00:48:44,00:51:12,143,153
29/06/2021 17:16,"6,05",342,00:27:13,146,175,"2,8",165,174,04:30,03:47,92,93,"1,34","0,0","0,0",--,--,"21,0",1,00:27:12,00:27:13,596,634
28/06/2021 17:20,"9,25",563,00:49:00,146,179,"3,1",161,237,05:18,03:04,334,331,"1,17","0,0","0,0",--,--,"22,0",22,00:48:37,00:51:31,615,811
26/06/2021 17:13,"13,00",817,01:01:27,155,175,"3,6",167,190,04:44,03:20,225,220,"1,27","0,0","0,0",--,--,"24,0",1,01:01:23,01:01:27,626,806
24/06/2021 15:10,"12,44",641,00:55:28,146,167,"3,0",161,186,04:27,02:53,95,99,"1,38","0,0","0,0",--,--,"19,0",11,00:54:16,00:58:38,599,671
22/06/2021 18:25,"5,01",311,00:23:36,151,176,"3,0",162,168,04:43,03:51,85,85,"1,31","0,0","0,0",--,--,"21,0",1,00:23:34,00:23:36,601,635
21/06/2021 14:41,"11,50",557,01:03:36,133,165,"3,0",134,218,05:32,01:41,222,223,"1,38","0,0","0,0",--,--,"22,0",33,01:03:08,01:07:58,638,849
18/06/2021 17:38,"13,48",842,01:02:36,156,172,"3,7",165,176,04:39,03:14,233,234,"1,31","0,0","0,0",--,--,"27,0",1,01:02:35,01:02:36,625,803
16/06/2021 19:02,"10,60",616,00:47:30,156,182,"3,5",164,229,04:29,02:23,90,96,"1,36","0,0","0,0",--,--,"26,0",15,00:47:22,00:50:54,602,670
14/06/2021 17:05,"8,09",499,00:37:10,152,168,"3,3",165,170,04:36,03:54,136,134,"1,32","0,0","0,0",--,--,"28,0",1,00:37:08,00:37:10,604,641
09/06/2021 15:14,"8,68",542,00:40:40,150,164,"3,2",167,175,04:41,03:34,123,121,"1,28","0,0","0,0",--,--,"27,0",1,00:40:40,00:40:40,604,644
05/06/2021 10:54,"14,16",847,01:01:42,155,176,"3,7",167,176,04:22,03:26,228,231,"1,38","0,0","0,0",--,--,"16,0",1,01:01:37,01:01:42,617,802
04/06/2021 17:22,"6,65",376,00:31:57,140,159,"2,4",168,176,04:48,03:36,102,109,"1,24","0,0","0,0",--,--,"22,0",1,00:31:56,00:31:57,597,631
03/06/2021 16:31,"11,75",631,00:52:15,149,178,"3,1",165,180,04:27,03:00,109,111,"1,35","0,0","0,0",--,--,"26,0",11,00:51:43,00:56:52,606,679
02/06/2021 15:39,"8,61",486,00:42:21,145,173,"3,0",161,209,04:55,02:08,211,211,"1,26","0,0","0,0",--,--,"22,0",1,00:42:12,00:44:38,627,836
31/05/2021 15:14,"5,05",308,00:24:23,144,163,"2,5",166,178,04:49,04:09,84,81,"1,25","0,0","0,0",--,--,"25,0",1,00:24:22,00:24:23,603,639
29/05/2021 08:30,"13,13",813,01:03:09,153,183,"3,3",167,182,04:49,03:18,229,228,"1,25","0,0","0,0",--,--,"16,0",1,01:03:06,01:03:14,623,809
27/05/2021 15:52,"12,12",670,00:52:29,150,174,"3,1",166,175,04:20,03:24,130,129,"1,39","0,0","0,0",--,--,"22,0",3,00:52:20,00:56:23,576,638
26/05/2021 15:52,"8,02",478,00:39:14,146,164,"2,9",166,173,04:53,03:45,232,229,"1,24","0,0","0,0",--,--,"23,0",1,00:39:14,00:39:14,612,838
24/05/2021 11:53,"12,71",699,00:57:56,148,183,"2,9",165,199,04:33,02:31,121,126,"1,32","0,0","0,0",--,--,"18,0",25,00:57:33,01:00:24,602,679
22/05/2021 11:23,"13,12",906,01:02:38,164,192,"3,9",166,182,04:46,03:32,230,233,"1,26","0,0","0,0",--,--,"15,0",1,01:02:38,01:02:38,651,837
20/05/2021 15:56,"13,01",735,00:57:31,150,165,"3,2",161,186,04:25,02:53,122,118,"1,40","0,0","0,0",--,--,"19,0",9,00:56:37,01:00:14,602,677
19/05/2021 16:59,"9,27",627,00:43:48,158,184,"3,6",163,248,04:44,03:58,232,241,"1,30","0,0","0,0",--,--,"12,0",1,00:43:48,00:43:48,521,658
17/05/2021 16:13,"9,15",628,00:47:54,151,174,"3,1",160,248,05:14,02:57,356,361,"1,19","0,0","0,0",--,--,"17,0",22,00:47:25,00:50:06,620,822
15/05/2021 10:01,"12,10",819,00:55:50,159,188,"3,9",166,174,04:37,04:14,38,37,"1,31","0,0","0,0",--,--,"17,0",1,00:55:50,00:55:50,143,164
13/05/2021 10:50,"14,39",841,01:01:22,153,174,"3,5",165,176,04:16,03:03,43,43,"1,42","0,0","0,0",--,--,"16,0",5,01:01:18,01:03:22,129,154
11/05/2021 17:52,"8,02",561,00:39:15,156,180,"3,4",165,176,04:54,03:27,231,233,"1,24","0,0","0,0",--,--,"14,0",1,00:39:14,00:39:15,610,841
10/05/2021 11:21,"12,19",724,00:51:57,155,172,"3,5",166,188,04:16,02:47,64,65,"1,41","0,0","0,0",--,--,"12,0",21,00:51:37,00:53:42,623,675
08/05/2021 11:12,"13,05",811,01:02:11,150,178,"3,0",168,184,04:46,03:37,230,228,"1,25","0,0","0,0",--,--,"20,0",1,01:02:11,01:02:11,625,810
06/05/2021 14:41,"13,69",838,01:00:02,155,178,"3,6",165,176,04:23,03:09,143,142,"1,38","0,0","0,0",--,--,"14,0",7,00:59:56,01:02:53,576,639
04/05/2021 17:05,"8,17",501,00:38:41,149,165,"2,9",167,176,04:44,03:17,234,230,"1,26","0,0","0,0",--,--,"17,0",1,00:38:38,00:38:41,616,841
03/05/2021 15:34,"12,00",756,00:55:07,153,170,"3,6",165,210,04:36,02:30,144,133,"1,32","0,0","0,0",--,--,"18,0",17,00:54:54,00:58:06,578,640
01/05/2021 11:25,"13,20",935,01:03:25,160,181,"4,0",169,180,04:48,03:25,238,236,"1,23","0,0","0,0",--,--,"9,0",1,01:03:25,01:03:25,625,817
29/04/2021 15:53,"12,22",742,00:51:51,160,175,"3,8",167,186,04:15,03:09,87,90,"1,41","0,0","0,0",--,--,"12,0",10,00:51:42,00:54:44,601,680
27/04/2021 17:42,"8,77",665,00:45:46,163,191,"3,9",162,245,05:13,02:48,337,337,"1,18","0,0","0,0",--,--,"18,0",22,00:45:43,00:47:06,626,825
26/04/2021 11:00,"12,25",719,00:55:15,151,168,"3,3",166,186,04:31,02:39,115,110,"1,33","0,0","0,0",--,--,"16,0",25,00:55:02,00:58:36,602,678
24/04/2021 11:13,"12,98",775,01:00:52,150,168,"3,0",166,178,04:41,03:17,229,226,"1,28","0,0","0,0",--,--,"20,0",1,01:00:51,01:01:11,627,813
22/04/2021 10:46,"12,74",734,00:54:13,153,185,"3,4",167,182,04:15,02:44,100,102,"1,40","0,0","0,0",--,--,"14,0",11,00:54:09,00:57:23,600,690
20/04/2021 17:13,"8,07",476,00:38:44,146,169,"2,9",167,213,04:48,02:09,215,215,"1,25","0,0","0,0",--,--,"16,0",2,00:38:38,00:45:16,626,840
19/04/2021 15:24,"11,30",682,00:54:14,149,171,"3,0",163,191,04:48,02:20,126,124,"1,26","0,0","0,0",--,--,"14,0",29,00:53:04,00:56:34,587,664
17/04/2021 16:53,"10,70",908,00:58:27,167,192,"4,7",167,205,05:28,04:47,38,39,"1,10","0,0","0,0",--,--,"17,0",11,00:58:22,00:58:33,142,161
14/04/2021 18:39,"3,83",318,00:18:44,180,194,"3,4",165,174,04:53,04:00,12,3,"1,24","0,0","0,0",--,--,"12,0",4,00:18:42,00:18:44,142,156
14/04/2021 18:00,"10,01",546,00:35:37,166,192,"3,8",167,178,03:33,03:08,24,27,"1,69","0,0","0,0",--,--,"12,0",11,00:00:00,00:35:37,149,169
14/04/2021 17:46,"2,44",174,00:13:13,146,156,"2,2",153,229,05:25,02:35,4,6,"1,21","0,0","0,0",--,--,"16,0",3,00:13:08,00:13:13,154,159
13/04/2021 11:20,"5,20",307,00:23:56,144,157,"2,5",168,180,04:36,03:39,17,18,"1,29","0,0","0,0",--,--,"15,0",6,00:23:54,00:23:56,141,155
10/04/2021 11:02,"14,01",817,00:59:07,155,172,"3,5",172,184,04:13,02:57,54,52,"1,38","0,0","0,0",--,--,"12,0",15,00:59:04,00:59:07,144,176
08/04/2021 15:43,"6,53",374,00:25:02,166,186,"3,4",166,182,03:50,03:00,10,6,"1,57","0,0","0,0",--,--,"14,0",14,00:24:58,00:26:34,163,173
08/04/2021 15:32,"1,87",125,"00:09:29,0",146,166,"2,0",162,171,05:04,04:35,--,2,"1,22","0,0","0,0",--,--,"18,0",3,"00:09:28,3","00:09:29,0",145,150
07/04/2021 17:35,"6,47",407,00:31:09,150,170,"2,9",161,215,04:49,02:10,23,21,"1,29","0,0","0,0",--,--,"13,0",11,00:31:03,00:32:27,142,155
06/04/2021 17:01,"9,13",571,00:40:00,157,180,"3,5",168,178,04:23,03:06,23,20,"1,36","0,0","0,0",--,--,"11,0",3,00:40:00,00:40:00,142,153
05/04/2021 10:02,"5,56",344,00:25:47,148,164,"2,7",170,178,04:38,04:13,20,17,"1,27","0,0","0,0",--,--,"15,0",1,00:25:47,00:25:47,143,154
04/04/2021 09:45,"14,83",777,01:02:01,148,164,"3,1",164,174,04:11,03:18,40,39,"1,45","0,0","0,0",--,--,"11,0",7,01:01:48,01:02:01,127,151
01/04/2021 16:31,"7,29",462,00:35:43,149,168,"2,8",164,175,04:54,03:17,192,189,"1,25","0,0","0,0",--,--,"23,0",1,00:35:43,00:35:43,626,813
31/03/2021 17:39,"12,33",688,00:53:18,153,175,"3,4",165,182,04:19,02:47,92,92,"1,40","0,0","0,0",--,--,"21,0",11,00:53:16,00:58:24,601,671
29/03/2021 15:31,"11,58",685,00:54:44,149,168,"3,1",162,194,04:44,02:18,122,120,"1,29","0,0","0,0",--,--,"22,0",17,00:54:39,00:57:51,602,680
27/03/2021 10:42,"14,50",1.013,01:16:37,158,175,"4,0",168,180,05:17,04:20,56,60,"1,13","0,0","0,0",--,--,"14,0",1,01:16:37,01:16:37,191,216
24/03/2021 16:14,"10,14",585,00:46:41,146,170,"3,0",148,186,04:36,02:43,93,90,"1,43","0,0","0,0",--,--,"17,0",12,00:45:31,00:49:16,602,681
22/03/2021 16:38,"10,26",697,00:48:35,157,177,"3,7",164,174,04:44,02:57,295,297,"1,29","0,0","0,0",--,--,"9,0",1,00:48:34,00:48:35,589,826
20/03/2021 11:25,"13,07",814,00:57:11,158,175,"3,8",165,180,04:23,03:03,209,207,"1,39","0,0","0,0",--,--,"9,0",23,00:57:09,00:57:11,624,777
18/03/2021 12:37,"13,02",900,01:00:44,162,183,"4,1",165,229,04:40,03:11,252,250,"1,30","0,0","0,0",--,--,"8,0",14,01:00:40,01:00:44,626,818
16/03/2021 17:03,"10,43",675,00:44:43,166,186,"4,1",159,238,04:17,03:11,90,89,"1,45","0,0","0,0",--,--,"10,0",13,00:00:00,00:44:43,601,684
15/03/2021 07:19,"8,22",613,00:40:07,164,188,"4,1",165,176,04:53,03:16,262,260,"1,24","0,0","0,0",--,--,"7,0",1,00:40:07,00:40:07,602,824
13/03/2021 11:06,"13,42",915,01:06:12,156,177,"3,5",163,174,04:56,03:22,47,45,"1,24","0,0","0,0",--,--,"14,0",1,01:06:11,01:06:12,144,164
11/03/2021 15:00,"10,39",713,00:51:01,156,191,"3,8",151,219,04:55,02:13,118,121,"1,32","0,0","0,0",--,--,"15,0",18,00:49:59,00:53:37,598,673
10/03/2021 12:18,"8,01",587,00:39:06,160,184,"3,8",165,176,04:53,03:11,262,258,"1,24","0,0","0,0",--,--,"14,0",1,00:39:06,00:39:06,600,820
08/03/2021 16:19,"13,01",796,00:54:12,158,170,"4,1",165,172,04:10,03:12,108,110,"1,45","0,0","0,0",--,--,"10,0",9,00:54:11,00:55:44,600,673
06/03/2021 11:09,"13,39",924,01:03:23,159,187,"4,1",165,182,04:44,02:50,256,255,"1,28","0,0","0,0",--,--,"8,0",1,01:03:20,01:03:23,626,818
04/03/2021 16:10,"8,75",488,00:38:21,144,178,"3,3",156,174,04:23,03:05,93,93,"1,44","0,0","0,0",--,--,"15,0",10,00:37:55,00:40:26,600,678
03/03/2021 15:23,"9,15",643,00:43:23,157,175,"3,7",166,176,04:44,03:13,292,291,"1,27","0,0","0,0",--,--,"13,0",1,00:43:19,00:43:23,601,885
01/03/2021 16:00,"12,81",758,00:53:18,157,176,"3,8",165,174,04:10,03:21,50,50,"1,46","0,0","0,0",--,--,"16,0",2,00:53:15,00:54:16,657,702
27/02/2021 09:59,"13,36",855,01:01:25,154,170,"3,6",165,189,04:36,03:02,263,263,"1,32","0,0","0,0",--,--,"6,0",3,01:01:23,01:02:09,626,824
25/02/2021 17:10,"7,65",494,00:35:47,151,169,"3,2",164,175,04:41,02:46,229,234,"1,30","0,0","0,0",--,--,"16,0",1,00:35:47,00:35:47,596,813
24/02/2021 08:44,"12,02",775,00:51:19,165,187,"4,3",163,176,04:16,02:46,101,101,"1,43","0,0","0,0",--,--,"11,0",12,00:51:16,00:51:19,600,676
22/02/2021 15:22,"10,23",528,00:49:38,138,159,"2,6",160,206,04:51,02:07,225,231,"1,29","0,0","0,0",--,--,"17,0",20,00:49:24,00:50:49,512,727
19/02/2021 09:57,"13,01",902,01:00:01,--,--,--,165,175,04:37,02:41,245,245,"1,31","0,0","0,0",--,--,"0,0",1,01:00:01,01:00:01,606,796
17/02/2021 10:03,"12,43",833,00:57:19,--,--,--,162,178,04:37,02:36,134,137,"1,34","0,0","0,0",--,--,"0,0",21,00:57:15,01:03:43,581,652
16/02/2021 15:19,"6,21",431,00:30:01,--,--,--,164,175,04:50,01:41,221,222,"1,26","0,0","0,0",--,--,"0,0",1,00:30:01,00:30:01,600,801
15/02/2021 10:50,"11,15",740,00:48:31,--,--,--,166,184,04:21,02:45,120,117,"1,38","0,0","0,0",--,--,"0,0",26,00:48:22,00:50:42,580,645
13/02/2021 10:48,"13,58",937,01:03:14,--,--,--,168,238,04:39,02:31,355,352,"1,28","0,0","0,0",--,--,"0,0",14,01:03:12,01:03:14,601,811
11/02/2021 16:26,"7,65",524,00:35:20,--,--,--,166,176,04:37,03:31,229,218,"1,31","0,0","0,0",--,--,"0,0",8,00:35:18,00:35:20,601,816
10/02/2021 15:09,"10,57",701,00:50:02,--,--,--,148,182,04:44,02:33,120,112,"1,39","0,0","0,0",--,--,"0,0",21,00:47:29,00:53:05,605,652
08/02/2021 16:10,"11,95",829,01:04:30,--,--,--,161,173,05:24,03:29,174,176,"1,15","0,0","0,0",--,--,"0,0",12,01:04:27,01:04:30,606,760
07/02/2021 14:40,"12,13",834,00:53:02,--,--,--,163,180,04:22,02:12,111,100,"1,40","0,0","0,0",--,--,"0,0",31,00:52:55,00:53:31,580,615
05/02/2021 15:55,"13,00",869,00:57:38,--,--,--,165,179,04:26,02:25,351,349,"1,36","0,0","0,0",--,--,"0,0",13,00:57:02,00:58:18,606,792
03/02/2021 16:51,"11,00",751,00:48:07,--,--,--,163,174,04:22,01:17,160,151,"1,40","0,0","0,0",--,--,"0,0",11,00:48:05,00:48:07,581,640
01/02/2021 17:15,"7,79",534,00:45:39,--,--,--,156,237,05:52,03:04,267,269,"1,10","0,0","0,0",--,--,"0,0",8,00:45:31,00:51:36,606,866
30/01/2021 15:06,"15,02",1.023,01:03:41,--,--,--,166,178,04:14,03:13,43,48,"1,42","0,0","0,0",--,--,"0,0",16,01:03:39,01:03:41,127,155
29/01/2021 16:56,"12,24",727,00:50:46,156,176,"3,6",166,178,04:09,03:22,33,34,"1,45","0,0","0,0",--,--,"12,0",5,00:50:44,00:50:46,137,160
27/01/2021 15:53,"8,09",499,00:37:30,147,160,"2,9",168,176,04:38,03:55,29,29,"1,29","0,0","0,0",--,--,"11,0",1,00:37:30,00:37:30,153,172
26/01/2021 15:54,"12,12",721,00:51:15,154,170,"3,4",165,221,04:14,03:06,33,32,"1,42","0,0","0,0",--,--,"9,0",12,00:51:01,00:51:15,147,161
24/01/2021 10:50,"12,01",827,00:59:21,156,181,"3,5",156,235,04:57,02:44,180,183,"1,28","0,0","0,0",--,--,"8,0",22,00:58:37,01:01:32,137,159
23/01/2021 11:02,"11,50",709,00:50:15,155,190,"3,7",168,185,04:22,03:54,32,25,"1,36","0,0","0,0",--,--,"13,0",1,00:50:13,00:50:15,141,167
22/01/2021 15:36,"11,00",652,00:46:18,156,173,"3,5",166,178,04:13,02:51,31,32,"1,43","0,0","0,0",--,--,"7,0",36,00:46:17,00:46:18,137,160
20/01/2021 15:28,"12,00",748,00:50:51,161,183,"3,9",168,181,04:14,02:57,33,34,"1,41","0,0","0,0",--,--,"14,0",13,00:50:47,00:50:51,137,158
19/01/2021 15:28,"7,48",582,00:41:08,153,181,"3,2",162,171,05:30,04:31,15,12,"1,12","0,0","0,0",--,--,"10,0",1,00:41:00,00:46:06,141,152
17/01/2021 10:15,"11,00",686,00:47:35,156,172,"3,5",170,181,04:20,03:09,30,31,"1,36","0,0","0,0",--,--,"9,0",1,00:47:35,00:47:35,141,160
16/01/2021 11:14,"11,50",663,00:51:46,147,160,"2,9",166,178,04:30,04:01,25,17,"1,34","0,0","0,0",--,--,"8,0",2,00:51:45,00:51:46,156,166
14/01/2021 15:57,"11,51",653,00:49:18,153,175,"3,3",166,188,04:17,02:42,28,22,"1,41","0,0","0,0",--,--,"4,0",21,00:49:15,00:49:19,152,163
12/01/2021 15:52,"15,15",1.027,01:17:00,154,179,"3,4",164,176,05:05,04:19,52,50,"1,20","0,0","0,0",--,--,"10,0",1,01:16:53,01:17:29,154,176
10/01/2021 10:50,"15,00",941,01:03:23,161,184,"3,8",168,176,04:13,03:27,43,39,"1,41","0,0","0,0",--,--,"7,0",1,01:03:22,01:03:23,140,165
08/01/2021 15:39,"12,06",703,00:50:01,156,173,"3,4",169,177,04:09,03:15,39,39,"1,42","0,0","0,0",--,--,"10,0",7,00:50:00,00:50:01,138,161
06/01/2021 15:54,"8,15",557,00:36:30,160,188,"3,5",168,174,04:29,04:01,24,24,"1,33","0,0","0,0",--,--,"9,0",1,00:36:29,00:36:30,140,160
05/01/2021 15:58,"12,00",768,00:53:04,156,174,"3,5",167,236,04:25,02:46,24,23,"1,35","0,0","0,0",--,--,"9,0",22,00:52:57,00:54:18,151,160
03/01/2021 10:21,"10,00",649,00:43:26,158,168,"3,4",167,178,04:21,03:14,24,24,"1,37","0,0","0,0",--,--,"8,0",3,00:43:23,00:43:26,149,161
02/01/2021 11:19,"12,00",692,00:49:31,152,169,"3,3",168,179,04:07,02:50,29,27,"1,45","0,0","0,0",--,--,"11,0",3,00:49:29,00:49:31,139,162
