,Date,Distance,Calories,Durée,Fréquence cardiaque moyenne,Fréquence cardiaque maximale,TE aérobie,Cadence de course moyenne,Cadence de course maximale,Allure moyenne,Meilleure allure,Ascension totale,Descente totale,Longueur moyenne des foulées,Rapport vertical moyen,Oscillation verticale moyenne,Temps de contact moyen avec le sol,Equilibre TCS moyen,Température,Nombre de circuits,Temps de déplacement,Temps écoulé,Altitude minimale,Altitude maximale
0,2021-12-31 10:05:00,12.43,740.0,3600,149.0,179.0,3.0,171,215,290,147,244.0,237.0,1.2,7.8,9.1,219.0,"49,5% G / 50,5% D",11.0,20,3589,4692,130,184
1,2021-12-30 11:19:00,14.77,876.0,3682,154.0,177.0,3.7,179,200,249,190,42.0,40.0,1.34,6.5,8.9,204.0,"49,0% G / 51,0% D",16.0,3,3682,3682,128,155
2,2021-12-29 18:08:00,12.55,807.0,3446,156.0,179.0,3.6,166,256,274,142,28.0,32.0,1.29,6.4,7.9,239.0,"50,0% G / 50,0% D",10.0,25,3222,3705,128,139
3,2021-12-28 09:22:00,12.24,755.0,3150,155.0,179.0,3.6,180,198,257,160,30.0,36.0,1.28,6.7,8.7,208.0,"48,8% G / 51,2% D",11.0,9,3145,3150,136,149
4,2021-12-27 08:13:00,6.55,409.0,1800,145.0,156.0,2.7,180,187,275,241,16.0,14.0,1.2,7.0,8.6,211.0,"48,8% G / 51,2% D",9.0,1,1800,1800,143,153
5,2021-12-26 09:36:00,17.37,1.004,4201,156.0,176.0,4.0,180,198,242,163,48.0,45.0,1.36,6.3,8.8,201.0,"49,3% G / 50,7% D",6.0,13,4199,4243,131,155
6,2021-12-24 09:39:00,17.02,945.0,4537,148.0,171.0,3.1,177,208,267,148,123.0,121.0,1.25,6.8,8.4,216.0,"49,3% G / 50,7% D",8.0,17,4518,4537,143,195
7,2021-12-23 10:35:00,13.81,799.0,3656,144.0,165.0,3.1,182,209,265,136,27.0,15.0,1.2,6.9,8.5,208.0,"49,0% G / 51,0% D",3.0,1,3651,3656,133,148
8,2021-12-22 10:33:00,16.03,851.0,4185,151.0,176.0,3.3,178,213,261,176,28.0,12.0,1.24,6.6,8.2,206.0,"49,0% G / 51,0% D",3.0,13,4157,4467,124,140
9,2021-12-21 08:43:00,6.04,356.0,1790,141.0,153.0,2.3,178,186,297,240,22.0,13.0,1.11,7.9,8.8,212.0,"48,7% G / 51,3% D",6.0,1,1790,1790,124,135
10,2021-12-20 11:11:00,10.01,554.0,2620,146.0,160.0,2.9,179,191,262,230,25.0,19.0,1.27,6.9,9.0,206.0,"48,4% G / 51,6% D",9.0,1,2616,2620,143,156
11,2021-12-19 09:34:00,16.28,926.0,4507,149.0,178.0,3.1,170,256,277,156,96.0,103.0,1.19,7.3,8.6,223.0,"49,7% G / 50,3% D",6.0,11,4246,5744,151,174
12,2021-12-18 11:21:00,12.16,679.0,3111,149.0,158.0,3.1,180,220,256,136,31.0,22.0,1.29,6.7,8.7,205.0,"48,3% G / 51,7% D",10.0,1,3108,3194,142,160
13,2021-12-17 17:56:00,10.36,628.0,3098,144.0,178.0,3.1,169,211,299,137,69.0,66.0,1.16,8.0,9.0,224.0,"49,0% G / 51,0% D",11.0,3,3067,3662,134,146
14,2021-12-16 08:35:00,12.63,717.0,3416,147.0,157.0,3.0,178,211,270,213,15.0,18.0,1.16,7.7,9.1,209.0,"48,5% G / 51,5% D",11.0,1,3416,3416,119,131
15,2021-12-15 08:36:00,14.1,808.0,3630,152.0,178.0,3.4,174,208,257,152,12.0,11.0,1.3,7.1,9.1,201.0,"49,6% G / 50,4% D",9.0,11,3621,3927,121,129
16,2021-12-14 08:33:00,6.46,376.0,1865,147.0,169.0,2.7,176,205,289,140,15.0,12.0,1.1,8.4,9.3,209.0,"49,0% G / 51,0% D",8.0,1,1864,1865,120,126
17,2021-12-13 08:31:00,10.0,559.0,2704,148.0,157.0,3.2,176,186,270,231,23.0,22.0,1.23,7.5,9.5,206.0,"48,8% G / 51,2% D",8.0,1,2703,2704,140,151
18,2021-12-12 10:47:00,12.49,727.0,3352,150.0,160.0,3.4,177,187,268,225,35.0,30.0,1.24,7.3,9.3,205.0,"49,1% G / 50,9% D",9.0,1,3351,3352,133,158
19,2021-10-12 17:51:00,13.0,671.0,3252,150.0,177.0,3.4,175,195,250,153,33.0,40.0,1.36,7.0,9.5,205.0,"49,8% G / 50,2% D",11.0,31,3244,3696,129,140
20,2021-09-12 10:07:00,14.21,752.0,3706,145.0,153.0,3.0,177,194,261,203,20.0,18.0,1.21,7.6,9.3,207.0,"49,1% G / 50,9% D",9.0,1,3694,3804,122,131
21,2021-08-12 08:39:00,12.55,766.0,3734,152.0,179.0,3.5,171,217,267,135,17.0,14.0,1.27,7.5,9.2,210.0,"49,1% G / 50,9% D",7.0,21,3714,4090,124,133
22,2021-06-12 08:41:00,8.18,399.0,2186,149.0,164.0,2.6,177,195,267,239,28.0,29.0,1.21,7.3,8.9,208.0,"48,8% G / 51,3% D",8.0,1,2182,2186,144,166
23,2021-05-12 08:48:00,12.0,594.0,3281,144.0,162.0,2.7,175,196,273,221,53.0,51.0,1.21,7.5,9.3,210.0,"48,8% G / 51,2% D",8.0,1,3280,3281,136,153
24,2021-04-12 14:31:00,2.99,157.0,696,146.0,160.0,2.2,170,198,233,160,30.0,28.0,1.52,0.0,0.0,,--,10.0,1,678,696,197,213
25,2021-04-12 13:31:00,4.66,306.0,1333,149.0,164.0,2.9,166,180,286,234,11.0,9.0,1.27,0.0,0.0,,--,12.0,1,1324,1650,204,212
26,2021-02-12 10:01:00,12.16,605.0,3272,142.0,156.0,2.6,176,208,269,138,15.0,16.0,1.2,7.9,9.6,204.0,"49,0% G / 51,0% D",9.0,1,3269,3475,140,152
27,2021-01-12 08:44:00,13.18,725.0,3745,148.0,175.0,3.2,167,256,284,131,55.0,45.0,1.21,7.9,9.0,220.0,"49,5% G / 50,5% D",11.0,25,3680,4288,123,142
28,2021-11-29 08:38:00,8.68,464.0,2513,143.0,157.0,2.7,177,193,290,217,13.0,9.0,1.1,8.1,9.0,205.0,"49,1% G / 50,9% D",3.0,1,2511,2520,124,134
29,2021-11-28 09:35:00,18.84,1.006,4974,152.0,173.0,3.7,176,220,264,183,110.0,101.0,1.19,7.3,8.7,203.0,"49,7% G / 50,3% D",8.0,2,4963,6366,150,170
30,2021-11-27 11:01:00,13.36,717.0,3616,146.0,157.0,2.9,180,203,271,236,43.0,44.0,1.21,7.2,8.9,207.0,"49,2% G / 50,8% D",8.0,1,3616,3616,145,169
31,2021-11-26 18:37:00,1.0,65.0,345,130.0,138.0,0.7,169,184,345,300,2.0,,1.01,9.3,8.9,229.0,"49,7% G / 50,3% D",9.0,1,345,345,134,138
32,2021-11-26 17:34:00,10.0,562.0,3028,138.0,169.0,2.6,167,233,303,151,84.0,71.0,1.17,8.1,9.3,219.0,"49,8% G / 50,2% D",8.0,2,3009,3620,171,182
33,2021-11-25 09:52:00,16.01,840.0,4087,146.0,153.0,3.0,180,190,255,228,19.0,12.0,1.26,6.7,8.7,201.0,"48,9% G / 51,1% D",7.0,1,4087,4087,124,132
34,2021-11-24 10:09:00,13.02,741.0,3656,150.0,174.0,3.2,166,256,281,143,16.0,3.0,1.25,7.3,8.6,221.0,"49,3% G / 50,7% D",7.0,25,3545,3851,123,133
35,2021-11-22 08:39:00,7.73,405.0,2209,143.0,158.0,2.5,176,195,286,240,5.0,7.0,1.15,8.1,9.5,211.0,"49,5% G / 50,5% D",13.0,1,2209,2227,121,127
36,2021-11-21 09:34:00,18.01,980.0,4738,149.0,173.0,3.5,172,214,263,186,108.0,102.0,1.25,7.7,9.7,205.0,"49,6% G / 50,4% D",7.0,3,4730,5695,154,176
37,2021-11-20 11:01:00,11.43,626.0,3034,141.0,150.0,2.6,175,196,265,244,30.0,21.0,1.28,7.3,9.7,209.0,"49,2% G / 50,8% D",9.0,1,3029,3034,134,160
38,2021-11-19 18:28:00,11.44,714.0,3188,149.0,168.0,3.1,165,204,279,144,60.0,58.0,1.3,0.0,0.0,,--,11.0,2,3171,3287,151,163
39,2021-11-18 10:27:00,16.41,879.0,4199,147.0,160.0,3.0,176,200,256,225,21.0,19.0,1.29,7.0,9.3,206.0,"49,0% G / 51,0% D",11.0,1,4198,4199,120,130
40,2021-11-17 08:32:00,13.24,681.0,3454,151.0,173.0,3.3,174,256,261,139,14.0,14.0,1.3,7.3,9.2,216.0,"49,1% G / 50,9% D",8.0,33,3442,3763,126,136
41,2021-11-15 08:36:00,7.39,390.0,2061,145.0,163.0,2.4,174,191,279,230,10.0,7.0,1.2,7.5,9.2,212.0,"48,7% G / 51,3% D",11.0,1,2061,2061,124,131
42,2021-11-14 10:32:00,10.12,510.0,2086,158.0,169.0,3.5,176,194,206,183,13.0,12.0,1.65,0.0,0.0,,--,12.0,11,2079,2086,123,129
43,2021-11-14 10:00:00,3.25,215.0,981,142.0,155.0,2.3,164,184,302,182,2.0,3.0,1.21,0.0,0.0,,--,15.0,2,953,1148,126,131
44,2021-12-11 08:45:00,8.6,445.0,2334,136.0,153.0,2.2,173,196,272,159,15.0,11.0,1.27,0.0,0.0,,--,9.0,14,2330,2373,124,132
45,2021-11-11 08:36:00,10.01,565.0,2719,141.0,163.0,2.7,175,190,272,212,16.0,13.0,1.26,0.0,0.0,,--,8.0,3,2719,2734,122,132
46,2021-10-11 08:34:00,12.6,740.0,3492,145.0,171.0,3.3,163,206,277,162,16.0,13.0,1.3,0.0,0.0,,--,7.0,14,3459,3911,121,128
47,2021-09-11 08:39:00,10.51,640.0,3009,144.0,157.0,2.9,169,219,286,126,24.0,19.0,1.25,0.0,0.0,,--,9.0,3,2985,3163,93,127
48,2021-08-11 08:19:00,7.54,469.0,2063,146.0,160.0,3.0,175,186,274,237,9.0,8.0,1.25,0.0,0.0,,--,11.0,1,2062,2063,119,125
49,2021-07-11 09:38:00,15.44,866.0,3888,151.0,172.0,3.7,173,196,252,169,77.0,70.0,1.31,6.8,9.1,208.0,"49,8% G / 50,2% D",8.0,3,3883,4084,152,184
50,2021-05-11 08:37:00,14.66,781.0,3826,150.0,176.0,3.4,173,210,261,179,14.0,22.0,1.33,6.8,8.9,209.0,"50,3% G / 49,7% D",9.0,9,3820,4030,115,127
51,2021-04-11 10:38:00,10.13,565.0,2806,141.0,156.0,2.5,170,217,277,129,18.0,21.0,1.17,8.2,9.3,221.0,"49,3% G / 50,7% D",9.0,2,2795,2831,121,131
52,2021-03-11 08:37:00,11.79,652.0,3430,148.0,172.0,3.0,163,208,291,148,9.0,7.0,1.22,7.6,8.6,233.0,"50,5% G / 49,5% D",10.0,25,3365,3703,119,128
53,2021-02-11 08:40:00,9.59,579.0,2704,143.0,154.0,2.9,174,187,282,220,8.0,7.0,1.18,7.7,9.3,214.0,"49,0% G / 51,0% D",14.0,1,2703,2704,122,130
54,2021-01-11 10:11:00,3.49,223.0,973,146.0,164.0,2.4,170,178,279,256,6.0,4.0,1.26,0.0,0.0,,--,19.0,1,973,973,135,140
55,2021-10-31 09:37:00,14.79,824.0,3717,151.0,174.0,3.0,165,204,251,146,32.0,26.0,1.43,0.0,0.0,,--,15.0,7,3688,5023,135,153
56,2021-10-30 11:28:00,9.32,601.0,2548,150.0,164.0,3.3,172,181,273,221,38.0,37.0,1.27,0.0,0.0,,--,8.0,1,2548,2548,139,152
57,2021-10-29 17:40:00,14.0,813.0,3706,148.0,165.0,3.1,164,222,265,138,127.0,125.0,1.38,0.0,0.0,,--,10.0,7,3701,4048,133,166
58,2021-10-28 10:22:00,15.14,858.0,3799,151.0,173.0,3.7,175,188,251,196,15.0,9.0,1.33,6.8,9.2,207.0,"49,0% G / 51,0% D",9.0,16,3795,3831,124,132
59,2021-10-27 08:35:00,14.82,894.0,4067,151.0,175.0,3.5,168,217,274,142,17.0,15.0,1.24,7.4,8.9,222.0,"50,0% G / 50,0% D",9.0,21,4037,4171,114,124
60,2021-10-25 08:02:00,10.41,603.0,2926,140.0,155.0,2.7,175,185,281,235,11.0,5.0,1.19,7.7,9.3,219.0,"49,2% G / 50,8% D",5.0,1,2926,2926,123,131
61,2021-10-24 08:22:00,11.5,635.0,2974,150.0,170.0,3.3,176,195,259,175,39.0,34.0,1.3,6.8,8.9,210.0,"49,2% G / 50,8% D",4.0,17,2970,2983,133,156
62,2021-10-23 10:21:00,9.06,490.0,2468,149.0,164.0,3.1,173,188,272,175,18.0,20.0,1.26,7.3,9.5,214.0,"48,5% G / 51,5% D",13.0,1,2467,2468,138,151
63,2021-10-22 17:56:00,14.75,828.0,4241,146.0,173.0,2.9,167,219,288,139,112.0,116.0,1.23,8.1,9.8,224.0,"49,5% G / 50,5% D",12.0,3,4222,5065,132,165
64,2021-10-21 11:43:00,10.98,636.0,2923,148.0,159.0,3.1,174,186,266,238,15.0,19.0,1.26,7.5,9.6,212.0,"48,8% G / 51,2% D",15.0,1,2920,2980,117,126
65,2021-10-20 08:11:00,13.01,738.0,3401,156.0,179.0,3.6,166,187,261,185,19.0,11.0,1.33,7.2,9.5,213.0,"50,0% G / 50,0% D",9.0,7,3330,3606,124,133
66,2021-10-18 08:13:00,8.01,487.0,2225,151.0,160.0,3.2,169,184,278,238,5.0,2.0,1.24,8.1,10.1,214.0,"50,6% G / 49,4% D",8.0,1,2224,2225,123,128
67,2021-10-17 10:39:00,12.17,727.0,3138,159.0,179.0,3.9,172,185,258,181,26.0,25.0,1.35,7.1,9.7,207.0,"50,0% G / 50,0% D",11.0,11,3136,3138,130,153
68,2021-10-16 10:57:00,9.5,549.0,2632,150.0,161.0,3.2,172,219,277,232,40.0,41.0,1.23,7.7,9.6,211.0,"49,6% G / 50,4% D",12.0,1,2631,2657,136,151
69,2021-10-15 17:56:00,13.09,783.0,3720,151.0,177.0,3.1,164,221,284,126,62.0,62.0,1.27,8.3,10.3,222.0,"50,3% G / 49,7% D",13.0,19,3706,4762,122,160
70,2021-10-13 17:55:00,12.62,746.0,3658,151.0,179.0,3.1,157,256,290,139,12.0,12.0,1.3,7.2,8.9,237.0,"50,7% G / 49,3% D",10.0,31,3522,5664,128,140
71,2021-12-10 15:52:00,11.5,664.0,3011,155.0,165.0,3.4,171,221,262,231,37.0,36.0,1.33,6.9,9.4,213.0,"49,7% G / 50,3% D",15.0,1,3009,3011,144,166
72,2021-11-10 17:43:00,7.15,414.0,1967,145.0,162.0,2.7,165,173,275,246,9.0,7.0,1.32,0.0,0.0,,--,16.0,1,1965,1967,134,142
73,2021-10-10 10:42:00,12.02,717.0,3050,161.0,182.0,3.8,172,189,254,165,34.0,35.0,1.36,7.1,9.7,204.0,"50,5% G / 49,5% D",14.0,32,3048,3050,128,150
74,2021-09-10 11:26:00,8.0,447.0,2131,156.0,180.0,3.3,170,202,266,155,27.0,28.0,1.29,7.5,9.9,207.0,"50,7% G / 49,3% D",16.0,1,2129,2131,142,162
75,2021-08-10 17:56:00,11.11,671.0,2880,154.0,170.0,3.6,168,176,259,224,12.0,13.0,1.38,0.0,0.0,,--,18.0,1,2879,2880,134,146
76,2021-07-10 10:56:00,7.19,420.0,2017,149.0,170.0,3.0,168,179,281,217,6.0,6.0,1.2,8.6,10.2,218.0,"49,6% G / 50,4% D",15.0,1,1992,2165,123,128
77,2021-09-26 09:42:00,14.04,833.0,3569,160.0,184.0,3.5,166,256,254,162,20.0,29.0,1.38,7.0,9.6,215.0,"50,5% G / 49,5% D",15.0,7,3514,5060,128,142
78,2021-09-24 10:46:00,12.4,712.0,3338,156.0,182.0,3.5,171,199,269,172,42.0,43.0,1.28,7.4,9.5,213.0,"49,8% G / 50,2% D",18.0,32,3336,3371,127,149
79,2021-09-22 07:49:00,5.18,312.0,1460,142.0,154.0,2.3,171,184,282,256,8.0,7.0,1.24,7.8,9.9,216.0,"49,9% G / 50,1% D",13.0,1,0,1460,145,153
80,2021-09-20 17:47:00,6.21,428.0,1740,154.0,174.0,3.1,168,176,280,244,9.0,10.0,1.27,0.0,0.0,,--,21.0,1,0,1770,132,139
81,2021-09-19 09:40:00,16.51,912.0,4138,153.0,176.0,3.3,172,219,251,191,28.0,32.0,1.36,6.8,9.2,209.0,"50,3% G / 49,7% D",15.0,7,0,5715,131,145
82,2021-09-17 17:53:00,13.21,748.0,3653,149.0,179.0,3.0,163,251,277,150,30.0,30.0,1.28,7.1,8.9,232.0,"49,6% G / 50,4% D",16.0,9,0,5046,157,167
83,2021-09-16 17:42:00,10.01,593.0,2686,145.0,154.0,2.7,174,219,268,236,29.0,29.0,1.26,7.1,9.3,218.0,"49,4% G / 50,6% D",19.0,1,0,2686,143,164
84,2021-09-15 17:42:00,11.65,711.0,3210,152.0,179.0,3.1,160,198,276,143,8.0,13.0,1.3,6.8,8.4,232.0,"49,8% G / 50,2% D",20.0,27,0,4462,131,138
85,2021-09-14 18:38:00,5.25,293.0,1217,150.0,167.0,2.7,174,183,232,203,14.0,13.0,1.49,0.0,0.0,,--,22.0,2,0,1217,146,152
86,2021-09-13 18:23:00,1.66,85.0,356,154.0,167.0,1.1,173,180,215,197,2.0,1.0,1.58,6.0,9.6,184.0,"49,2% G / 50,8% D",23.0,1,0,3217,131,137
87,2021-09-13 17:43:00,4.4,264.0,1179,144.0,154.0,2.3,170,195,268,245,3.0,2.0,1.31,7.3,9.8,216.0,"49,4% G / 50,6% D",23.0,1,0,1179,135,139
88,2021-12-09 10:29:00,14.1,816.0,3547,155.0,174.0,3.6,173,196,252,187,39.0,39.0,1.37,6.7,9.4,208.0,"49,6% G / 50,4% D",20.0,7,0,3547,127,153
89,2021-10-09 15:25:00,12.02,706.0,3242,146.0,157.0,2.9,173,184,270,227,40.0,39.0,1.27,7.4,9.6,214.0,"49,7% G / 50,3% D",22.0,1,0,3242,144,165
90,2021-09-09 19:22:00,1.87,114.0,578,133.0,141.0,1.2,166,177,309,287,1.0,1.0,1.15,8.4,9.7,227.0,"49,6% G / 50,4% D",21.0,1,0,662,132,136
91,2021-09-09 18:05:00,11.35,632.0,3180,147.0,179.0,2.8,155,240,280,127,7.0,8.0,1.34,6.4,8.2,248.0,"50,6% G / 49,4% D",21.0,17,0,4348,126,138
92,2021-07-09 18:35:00,6.88,418.0,2117,147.0,179.0,2.7,154,256,308,129,7.0,6.0,1.22,7.4,8.0,263.0,"50,2% G / 49,8% D",22.0,25,0,2776,129,140
93,2021-07-09 17:45:00,6.09,360.0,1713,142.0,155.0,2.4,166,192,281,250,8.0,8.0,1.28,7.8,10.1,220.0,"50,0% G / 50,0% D",23.0,1,0,1840,134,140
94,2021-06-09 17:51:00,7.19,419.0,1924,143.0,159.0,2.6,168,176,268,236,8.0,5.0,1.34,0.0,0.0,,--,24.0,1,0,1924,134,141
95,2021-05-09 10:13:00,15.51,855.0,3901,153.0,173.0,3.4,173,187,252,179,36.0,37.0,1.37,6.6,9.2,208.0,"49,5% G / 50,5% D",20.0,7,0,3901,127,150
96,2021-03-09 18:00:00,11.2,660.0,3381,143.0,177.0,2.5,164,207,302,143,97.0,89.0,1.18,8.7,9.8,222.0,"49,8% G / 50,2% D",20.0,17,0,4286,174,189
97,2021-01-09 17:49:00,12.58,704.0,3502,148.0,177.0,2.8,158,248,278,142,20.0,17.0,1.32,7.1,8.9,232.0,"50,3% G / 49,7% D",20.0,25,0,4980,135,143
98,2021-08-30 17:51:00,4.31,277.0,1211,147.0,168.0,2.6,164,170,281,263,4.0,4.0,1.3,0.0,0.0,,--,20.0,5,0,1218,146,151
99,2021-08-29 10:50:00,10.26,594.0,2150,176.0,182.0,4.1,172,193,210,173,18.0,17.0,1.63,6.0,10.2,200.0,"51,5% G / 48,5% D",15.0,11,0,2150,129,136
100,2021-08-29 10:28:00,2.0,145.0,658,140.0,153.0,2.0,173,195,329,250,2.0,3.0,1.0,9.5,9.4,217.0,"49,7% G / 50,3% D",17.0,2,0,658,132,138
101,2021-08-28 11:30:00,3.82,229.0,1097,137.0,156.0,2.1,173,230,287,131,9.0,10.0,1.2,7.7,8.9,216.0,"49,3% G / 50,7% D",19.0,6,0,1208,142,150
102,2021-08-27 17:43:00,8.15,471.0,2108,144.0,166.0,2.9,180,207,259,193,21.0,20.0,1.28,6.5,8.5,213.0,"49,2% G / 50,8% D",19.0,13,0,2108,142,150
103,2021-08-26 17:27:00,9.82,585.0,2633,145.0,166.0,2.8,178,196,268,189,23.0,22.0,1.26,6.8,8.7,213.0,"49,2% G / 50,8% D",20.0,7,0,2633,133,154
104,2021-08-24 17:51:00,5.2,289.0,1457,132.0,145.0,2.0,171,183,280,262,11.0,12.0,1.24,7.4,9.4,217.0,"48,8% G / 51,2% D",22.0,1,0,1457,142,151
105,2021-08-22 10:33:00,10.12,571.0,2567,148.0,170.0,3.1,175,190,254,196,17.0,20.0,1.34,6.9,9.3,209.0,"50,3% G / 49,7% D",20.0,7,0,2567,139,149
106,2021-08-21 11:08:00,10.36,602.0,2700,146.0,169.0,3.0,172,184,261,194,21.0,20.0,1.33,7.1,9.7,214.0,"49,5% G / 50,5% D",25.0,3,0,2700,142,151
107,2021-08-20 17:31:00,11.06,603.0,2848,146.0,168.0,3.0,172,187,258,199,23.0,24.0,1.35,7.1,9.7,210.0,"49,9% G / 50,1% D",23.0,5,0,2848,132,153
108,2021-08-19 17:01:00,10.38,580.0,3131,134.0,145.0,2.2,170,183,301,265,37.0,36.0,1.14,8.6,10.1,220.0,"49,5% G / 50,5% D",22.0,1,0,3131,144,162
109,2021-08-18 17:24:00,14.17,717.0,3670,148.0,175.0,3.4,173,187,259,190,43.0,43.0,1.32,7.1,9.5,213.0,"50,3% G / 49,7% D",19.0,5,0,3670,128,150
110,2021-08-17 17:08:00,10.06,558.0,2671,143.0,152.0,2.7,172,181,265,240,21.0,19.0,1.3,7.3,9.8,217.0,"49,5% G / 50,5% D",21.0,1,0,2671,144,154
111,2021-08-15 09:58:00,12.02,715.0,3451,145.0,173.0,2.9,165,218,287,174,146.0,144.0,1.26,0.0,0.0,,--,22.0,21,0,3619,125,150
112,2021-08-14 18:07:00,10.25,608.0,2944,142.0,155.0,2.6,168,248,287,204,34.0,32.0,1.24,0.0,0.0,,--,27.0,1,0,2949,143,164
113,2021-08-13 17:25:00,14.58,837.0,3730,151.0,176.0,3.6,170,180,256,192,42.0,42.0,1.38,0.0,0.0,,--,28.0,9,0,3871,143,163
114,2021-12-08 18:19:00,5.43,316.0,1502,140.0,151.0,2.4,169,175,277,249,17.0,15.0,1.28,0.0,0.0,,--,27.0,1,0,1502,144,156
115,2021-11-08 17:02:00,8.0,488.0,2126,148.0,156.0,3.0,168,176,266,238,26.0,24.0,1.34,0.0,0.0,,--,27.0,1,0,2126,145,165
116,2021-09-08 16:58:00,13.32,740.0,3319,153.0,176.0,3.6,169,177,249,190,27.0,28.0,1.43,0.0,0.0,,--,24.0,13,3314,3321,132,154
117,2021-08-08 09:01:00,5.04,305.0,1389,144.0,159.0,2.5,168,176,276,242,9.0,10.0,1.3,0.0,0.0,,--,19.0,1,1389,1389,142,150
118,2021-07-08 10:24:00,12.01,669.0,3060,148.0,166.0,3.1,168,194,255,187,25.0,24.0,1.4,0.0,0.0,,--,21.0,3,3057,3061,133,153
119,2021-06-08 17:16:00,8.0,484.0,2234,145.0,159.0,2.9,168,178,279,236,22.0,21.0,1.28,0.0,0.0,,--,24.0,1,2233,2234,146,163
120,2021-05-08 18:00:00,12.5,699.0,3159,152.0,166.0,3.2,168,178,253,188,32.0,29.0,1.41,0.0,0.0,,--,18.0,7,3154,3159,131,153
121,2021-03-08 17:02:00,6.03,340.0,1692,141.0,153.0,2.3,167,174,281,258,13.0,15.0,1.28,0.0,0.0,,--,21.0,1,1689,1692,141,149
122,2021-02-08 17:23:00,13.61,729.0,3535,148.0,168.0,3.2,168,221,260,172,31.0,31.0,1.37,0.0,0.0,,--,22.0,22,3532,3632,129,154
123,2021-07-31 07:39:00,8.01,502.0,2532,140.0,160.0,2.8,167,176,316,236,7.0,10.0,1.13,0.0,0.0,,--,16.0,1,2531,2532,-4,6
124,2021-07-30 07:27:00,13.19,688.0,3361,149.0,181.0,3.2,167,180,255,186,13.0,16.0,1.4,0.0,0.0,,--,18.0,7,3340,3500,-2,14
125,2021-07-30 07:27:00,13.19,688.0,3361,149.0,181.0,3.2,167,180,255,186,13.0,16.0,1.4,0.0,0.0,,--,18.0,7,3340,3500,-2,14
126,2021-07-28 07:33:00,7.75,589.0,2619,153.0,167.0,3.3,166,174,338,264,7.0,9.0,1.07,0.0,0.0,,--,20.0,2,2617,2619,-2,5
127,2021-07-28 07:33:00,7.75,589.0,2619,153.0,167.0,3.3,166,174,338,264,7.0,9.0,1.07,0.0,0.0,,--,20.0,2,2617,2619,-2,5
128,2021-07-27 07:49:00,7.8,450.0,2041,153.0,174.0,3.2,163,248,262,145,6.0,18.0,1.4,0.0,0.0,,--,17.0,22,2035,2041,15,32
129,2021-07-27 07:27:00,4.15,250.0,1235,140.0,160.0,2.3,166,175,297,255,8.0,,1.21,0.0,0.0,,--,19.0,1,1231,1235,1,10
130,2021-07-26 07:36:00,8.06,571.0,2752,145.0,166.0,3.0,164,234,341,249,9.0,11.0,1.07,0.0,0.0,,--,20.0,3,2747,2752,-4,5
131,2021-07-24 09:36:00,11.64,635.0,3148,149.0,175.0,3.3,171,180,270,194,30.0,29.0,1.3,0.0,0.0,,--,23.0,7,3143,3156,134,153
132,2021-07-23 18:02:00,8.21,479.0,2401,142.0,157.0,2.7,168,176,292,187,22.0,18.0,1.22,0.0,0.0,,--,26.0,3,2400,2401,144,161
133,2021-07-22 16:29:00,9.31,546.0,2996,139.0,157.0,2.2,161,176,322,263,137.0,142.0,1.16,0.0,0.0,,--,27.0,1,2989,2996,156,208
134,2021-07-21 17:39:00,12.05,670.0,3091,150.0,164.0,3.2,169,188,256,144,34.0,29.0,1.38,0.0,0.0,,--,25.0,31,3090,3091,131,152
135,2021-07-21 17:37:00,0.28,13.0,84,119.0,136.0,0.1,159,170,304,285,,1.0,1.25,0.0,0.0,,--,31.0,1,81,84,148,149
136,2021-07-19 17:57:00,5.52,332.0,1500,146.0,160.0,2.7,166,183,272,188,16.0,14.0,1.33,0.0,0.0,,--,29.0,1,1499,1512,144,151
137,2021-07-18 15:31:00,9.4,570.0,2611,146.0,161.0,3.1,168,178,278,252,29.0,27.0,1.29,0.0,0.0,,--,28.0,1,2610,2611,143,163
138,2021-07-16 16:17:00,15.01,918.0,3825,159.0,178.0,4.1,168,178,255,201,33.0,35.0,1.4,0.0,0.0,,--,25.0,5,3823,3827,127,151
139,2021-07-14 09:49:00,13.01,768.0,3621,150.0,170.0,3.2,162,235,278,143,48.0,52.0,1.32,0.0,0.0,,--,17.0,33,3608,3862,137,151
140,2021-12-07 16:21:00,6.15,388.0,1633,153.0,168.0,3.1,167,173,266,238,14.0,15.0,1.35,0.0,0.0,,--,26.0,1,1633,1633,143,154
141,2021-10-07 11:26:00,5.0,282.0,1154,162.0,172.0,3.4,162,186,231,145,9.0,7.0,1.6,0.0,0.0,,--,22.0,1,1115,1154,214,223
142,2021-07-07 16:44:00,5.0,269.0,1120,156.0,166.0,2.8,169,175,224,203,11.0,13.0,1.59,0.0,0.0,,--,25.0,1,1118,1120,142,149
143,2021-05-07 17:52:00,5.51,325.0,1454,148.0,170.0,2.9,162,171,264,240,14.0,14.0,1.4,0.0,0.0,,--,25.0,1,1452,1454,141,150
144,2021-04-07 09:51:00,12.11,698.0,3000,156.0,168.0,3.7,167,174,248,216,42.0,42.0,1.45,0.0,0.0,,--,22.0,1,3000,3000,144,164
145,2021-01-07 18:23:00,11.03,562.0,2925,143.0,164.0,2.5,165,186,265,156,23.0,21.0,1.37,0.0,0.0,,--,19.0,9,2924,3072,143,153
146,2021-06-29 17:16:00,6.05,342.0,1633,146.0,175.0,2.8,165,174,270,227,92.0,93.0,1.34,0.0,0.0,,--,21.0,1,1632,1633,596,634
147,2021-06-28 17:20:00,9.25,563.0,2940,146.0,179.0,3.1,161,237,318,184,334.0,331.0,1.17,0.0,0.0,,--,22.0,22,2917,3091,615,811
148,2021-06-26 17:13:00,13.0,817.0,3687,155.0,175.0,3.6,167,190,284,200,225.0,220.0,1.27,0.0,0.0,,--,24.0,1,3683,3687,626,806
149,2021-06-24 15:10:00,12.44,641.0,3328,146.0,167.0,3.0,161,186,267,173,95.0,99.0,1.38,0.0,0.0,,--,19.0,11,3256,3518,599,671
150,2021-06-22 18:25:00,5.01,311.0,1416,151.0,176.0,3.0,162,168,283,231,85.0,85.0,1.31,0.0,0.0,,--,21.0,1,1414,1416,601,635
151,2021-06-21 14:41:00,11.5,557.0,3816,133.0,165.0,3.0,134,218,332,101,222.0,223.0,1.38,0.0,0.0,,--,22.0,33,3788,4078,638,849
152,2021-06-18 17:38:00,13.48,842.0,3756,156.0,172.0,3.7,165,176,279,194,233.0,234.0,1.31,0.0,0.0,,--,27.0,1,3755,3756,625,803
153,2021-06-16 19:02:00,10.6,616.0,2850,156.0,182.0,3.5,164,229,269,143,90.0,96.0,1.36,0.0,0.0,,--,26.0,15,2842,3054,602,670
154,2021-06-14 17:05:00,8.09,499.0,2230,152.0,168.0,3.3,165,170,276,234,136.0,134.0,1.32,0.0,0.0,,--,28.0,1,2228,2230,604,641
155,2021-09-06 15:14:00,8.68,542.0,2440,150.0,164.0,3.2,167,175,281,214,123.0,121.0,1.28,0.0,0.0,,--,27.0,1,2440,2440,604,644
156,2021-05-06 10:54:00,14.16,847.0,3702,155.0,176.0,3.7,167,176,262,206,228.0,231.0,1.38,0.0,0.0,,--,16.0,1,3697,3702,617,802
157,2021-04-06 17:22:00,6.65,376.0,1917,140.0,159.0,2.4,168,176,288,216,102.0,109.0,1.24,0.0,0.0,,--,22.0,1,1916,1917,597,631
158,2021-03-06 16:31:00,11.75,631.0,3135,149.0,178.0,3.1,165,180,267,180,109.0,111.0,1.35,0.0,0.0,,--,26.0,11,3103,3412,606,679
159,2021-02-06 15:39:00,8.61,486.0,2541,145.0,173.0,3.0,161,209,295,128,211.0,211.0,1.26,0.0,0.0,,--,22.0,1,2532,2678,627,836
160,2021-05-31 15:14:00,5.05,308.0,1463,144.0,163.0,2.5,166,178,289,249,84.0,81.0,1.25,0.0,0.0,,--,25.0,1,1462,1463,603,639
161,2021-05-29 08:30:00,13.13,813.0,3789,153.0,183.0,3.3,167,182,289,198,229.0,228.0,1.25,0.0,0.0,,--,16.0,1,3786,3794,623,809
162,2021-05-27 15:52:00,12.12,670.0,3149,150.0,174.0,3.1,166,175,260,204,130.0,129.0,1.39,0.0,0.0,,--,22.0,3,3140,3383,576,638
163,2021-05-26 15:52:00,8.02,478.0,2354,146.0,164.0,2.9,166,173,293,225,232.0,229.0,1.24,0.0,0.0,,--,23.0,1,2354,2354,612,838
164,2021-05-24 11:53:00,12.71,699.0,3476,148.0,183.0,2.9,165,199,273,151,121.0,126.0,1.32,0.0,0.0,,--,18.0,25,3453,3624,602,679
165,2021-05-22 11:23:00,13.12,906.0,3758,164.0,192.0,3.9,166,182,286,212,230.0,233.0,1.26,0.0,0.0,,--,15.0,1,3758,3758,651,837
166,2021-05-20 15:56:00,13.01,735.0,3451,150.0,165.0,3.2,161,186,265,173,122.0,118.0,1.4,0.0,0.0,,--,19.0,9,3397,3614,602,677
167,2021-05-19 16:59:00,9.27,627.0,2628,158.0,184.0,3.6,163,248,284,238,232.0,241.0,1.3,0.0,0.0,,--,12.0,1,2628,2628,521,658
168,2021-05-17 16:13:00,9.15,628.0,2874,151.0,174.0,3.1,160,248,314,177,356.0,361.0,1.19,0.0,0.0,,--,17.0,22,2845,3006,620,822
169,2021-05-15 10:01:00,12.1,819.0,3350,159.0,188.0,3.9,166,174,277,254,38.0,37.0,1.31,0.0,0.0,,--,17.0,1,3350,3350,143,164
170,2021-05-13 10:50:00,14.39,841.0,3682,153.0,174.0,3.5,165,176,256,183,43.0,43.0,1.42,0.0,0.0,,--,16.0,5,3678,3802,129,154
171,2021-11-05 17:52:00,8.02,561.0,2355,156.0,180.0,3.4,165,176,294,207,231.0,233.0,1.24,0.0,0.0,,--,14.0,1,2354,2355,610,841
172,2021-10-05 11:21:00,12.19,724.0,3117,155.0,172.0,3.5,166,188,256,167,64.0,65.0,1.41,0.0,0.0,,--,12.0,21,3097,3222,623,675
173,2021-08-05 11:12:00,13.05,811.0,3731,150.0,178.0,3.0,168,184,286,217,230.0,228.0,1.25,0.0,0.0,,--,20.0,1,3731,3731,625,810
174,2021-06-05 14:41:00,13.69,838.0,3602,155.0,178.0,3.6,165,176,263,189,143.0,142.0,1.38,0.0,0.0,,--,14.0,7,3596,3773,576,639
175,2021-04-05 17:05:00,8.17,501.0,2321,149.0,165.0,2.9,167,176,284,197,234.0,230.0,1.26,0.0,0.0,,--,17.0,1,2318,2321,616,841
176,2021-03-05 15:34:00,12.0,756.0,3307,153.0,170.0,3.6,165,210,276,150,144.0,133.0,1.32,0.0,0.0,,--,18.0,17,3294,3486,578,640
177,2021-01-05 11:25:00,13.2,935.0,3805,160.0,181.0,4.0,169,180,288,205,238.0,236.0,1.23,0.0,0.0,,--,9.0,1,3805,3805,625,817
178,2021-04-29 15:53:00,12.22,742.0,3111,160.0,175.0,3.8,167,186,255,189,87.0,90.0,1.41,0.0,0.0,,--,12.0,10,3102,3284,601,680
179,2021-04-27 17:42:00,8.77,665.0,2746,163.0,191.0,3.9,162,245,313,168,337.0,337.0,1.18,0.0,0.0,,--,18.0,22,2743,2826,626,825
180,2021-04-26 11:00:00,12.25,719.0,3315,151.0,168.0,3.3,166,186,271,159,115.0,110.0,1.33,0.0,0.0,,--,16.0,25,3302,3516,602,678
181,2021-04-24 11:13:00,12.98,775.0,3652,150.0,168.0,3.0,166,178,281,197,229.0,226.0,1.28,0.0,0.0,,--,20.0,1,3651,3671,627,813
182,2021-04-22 10:46:00,12.74,734.0,3253,153.0,185.0,3.4,167,182,255,164,100.0,102.0,1.4,0.0,0.0,,--,14.0,11,3249,3443,600,690
183,2021-04-20 17:13:00,8.07,476.0,2324,146.0,169.0,2.9,167,213,288,129,215.0,215.0,1.25,0.0,0.0,,--,16.0,2,2318,2716,626,840
184,2021-04-19 15:24:00,11.3,682.0,3254,149.0,171.0,3.0,163,191,288,140,126.0,124.0,1.26,0.0,0.0,,--,14.0,29,3184,3394,587,664
185,2021-04-17 16:53:00,10.7,908.0,3507,167.0,192.0,4.7,167,205,328,287,38.0,39.0,1.1,0.0,0.0,,--,17.0,11,3502,3513,142,161
186,2021-04-14 18:39:00,3.83,318.0,1124,180.0,194.0,3.4,165,174,293,240,12.0,3.0,1.24,0.0,0.0,,--,12.0,4,1122,1124,142,156
187,2021-04-14 18:00:00,10.01,546.0,2137,166.0,192.0,3.8,167,178,213,188,24.0,27.0,1.69,0.0,0.0,,--,12.0,11,0,2137,149,169
188,2021-04-14 17:46:00,2.44,174.0,793,146.0,156.0,2.2,153,229,325,155,4.0,6.0,1.21,0.0,0.0,,--,16.0,3,788,793,154,159
189,2021-04-13 11:20:00,5.2,307.0,1436,144.0,157.0,2.5,168,180,276,219,17.0,18.0,1.29,0.0,0.0,,--,15.0,6,1434,1436,141,155
190,2021-10-04 11:02:00,14.01,817.0,3547,155.0,172.0,3.5,172,184,253,177,54.0,52.0,1.38,0.0,0.0,,--,12.0,15,3544,3547,144,176
191,2021-08-04 15:43:00,6.53,374.0,1502,166.0,186.0,3.4,166,182,230,180,10.0,6.0,1.57,0.0,0.0,,--,14.0,14,1498,1594,163,173
192,2021-08-04 15:32:00,1.87,125.0,569,146.0,166.0,2.0,162,171,304,275,,2.0,1.22,0.0,0.0,,--,18.0,3,568,569,145,150
193,2021-07-04 17:35:00,6.47,407.0,1869,150.0,170.0,2.9,161,215,289,130,23.0,21.0,1.29,0.0,0.0,,--,13.0,11,1863,1947,142,155
194,2021-06-04 17:01:00,9.13,571.0,2400,157.0,180.0,3.5,168,178,263,186,23.0,20.0,1.36,0.0,0.0,,--,11.0,3,2400,2400,142,153
195,2021-05-04 10:02:00,5.56,344.0,1547,148.0,164.0,2.7,170,178,278,253,20.0,17.0,1.27,0.0,0.0,,--,15.0,1,1547,1547,143,154
196,2021-04-04 09:45:00,14.83,777.0,3721,148.0,164.0,3.1,164,174,251,198,40.0,39.0,1.45,0.0,0.0,,--,11.0,7,3708,3721,127,151
197,2021-01-04 16:31:00,7.29,462.0,2143,149.0,168.0,2.8,164,175,294,197,192.0,189.0,1.25,0.0,0.0,,--,23.0,1,2143,2143,626,813
198,2021-03-31 17:39:00,12.33,688.0,3198,153.0,175.0,3.4,165,182,259,167,92.0,92.0,1.4,0.0,0.0,,--,21.0,11,3196,3504,601,671
199,2021-03-29 15:31:00,11.58,685.0,3284,149.0,168.0,3.1,162,194,284,138,122.0,120.0,1.29,0.0,0.0,,--,22.0,17,3279,3471,602,680
200,2021-03-27 10:42:00,14.5,1.013,4597,158.0,175.0,4.0,168,180,317,260,56.0,60.0,1.13,0.0,0.0,,--,14.0,1,4597,4597,191,216
201,2021-03-24 16:14:00,10.14,585.0,2801,146.0,170.0,3.0,148,186,276,163,93.0,90.0,1.43,0.0,0.0,,--,17.0,12,2731,2956,602,681
202,2021-03-22 16:38:00,10.26,697.0,2915,157.0,177.0,3.7,164,174,284,177,295.0,297.0,1.29,0.0,0.0,,--,9.0,1,2914,2915,589,826
203,2021-03-20 11:25:00,13.07,814.0,3431,158.0,175.0,3.8,165,180,263,183,209.0,207.0,1.39,0.0,0.0,,--,9.0,23,3429,3431,624,777
204,2021-03-18 12:37:00,13.02,900.0,3644,162.0,183.0,4.1,165,229,280,191,252.0,250.0,1.3,0.0,0.0,,--,8.0,14,3640,3644,626,818
205,2021-03-16 17:03:00,10.43,675.0,2683,166.0,186.0,4.1,159,238,257,191,90.0,89.0,1.45,0.0,0.0,,--,10.0,13,0,2683,601,684
206,2021-03-15 07:19:00,8.22,613.0,2407,164.0,188.0,4.1,165,176,293,196,262.0,260.0,1.24,0.0,0.0,,--,7.0,1,2407,2407,602,824
207,2021-03-13 11:06:00,13.42,915.0,3972,156.0,177.0,3.5,163,174,296,202,47.0,45.0,1.24,0.0,0.0,,--,14.0,1,3971,3972,144,164
208,2021-11-03 15:00:00,10.39,713.0,3061,156.0,191.0,3.8,151,219,295,133,118.0,121.0,1.32,0.0,0.0,,--,15.0,18,2999,3217,598,673
209,2021-10-03 12:18:00,8.01,587.0,2346,160.0,184.0,3.8,165,176,293,191,262.0,258.0,1.24,0.0,0.0,,--,14.0,1,2346,2346,600,820
210,2021-08-03 16:19:00,13.01,796.0,3252,158.0,170.0,4.1,165,172,250,192,108.0,110.0,1.45,0.0,0.0,,--,10.0,9,3251,3344,600,673
211,2021-06-03 11:09:00,13.39,924.0,3803,159.0,187.0,4.1,165,182,284,170,256.0,255.0,1.28,0.0,0.0,,--,8.0,1,3800,3803,626,818
212,2021-04-03 16:10:00,8.75,488.0,2301,144.0,178.0,3.3,156,174,263,185,93.0,93.0,1.44,0.0,0.0,,--,15.0,10,2275,2426,600,678
213,2021-03-03 15:23:00,9.15,643.0,2603,157.0,175.0,3.7,166,176,284,193,292.0,291.0,1.27,0.0,0.0,,--,13.0,1,2599,2603,601,885
214,2021-01-03 16:00:00,12.81,758.0,3198,157.0,176.0,3.8,165,174,250,201,50.0,50.0,1.46,0.0,0.0,,--,16.0,2,3195,3256,657,702
215,2021-02-27 09:59:00,13.36,855.0,3685,154.0,170.0,3.6,165,189,276,182,263.0,263.0,1.32,0.0,0.0,,--,6.0,3,3683,3729,626,824
216,2021-02-25 17:10:00,7.65,494.0,2147,151.0,169.0,3.2,164,175,281,166,229.0,234.0,1.3,0.0,0.0,,--,16.0,1,2147,2147,596,813
217,2021-02-24 08:44:00,12.02,775.0,3079,165.0,187.0,4.3,163,176,256,166,101.0,101.0,1.43,0.0,0.0,,--,11.0,12,3076,3079,600,676
218,2021-02-22 15:22:00,10.23,528.0,2978,138.0,159.0,2.6,160,206,291,127,225.0,231.0,1.29,0.0,0.0,,--,17.0,20,2964,3049,512,727
219,2021-02-19 09:57:00,13.01,902.0,3601,,,,165,175,277,161,245.0,245.0,1.31,0.0,0.0,,--,0.0,1,3601,3601,606,796
220,2021-02-17 10:03:00,12.43,833.0,3439,,,,162,178,277,156,134.0,137.0,1.34,0.0,0.0,,--,0.0,21,3435,3823,581,652
221,2021-02-16 15:19:00,6.21,431.0,1801,,,,164,175,290,101,221.0,222.0,1.26,0.0,0.0,,--,0.0,1,1801,1801,600,801
222,2021-02-15 10:50:00,11.15,740.0,2911,,,,166,184,261,165,120.0,117.0,1.38,0.0,0.0,,--,0.0,26,2902,3042,580,645
223,2021-02-13 10:48:00,13.58,937.0,3794,,,,168,238,279,151,355.0,352.0,1.28,0.0,0.0,,--,0.0,14,3792,3794,601,811
224,2021-11-02 16:26:00,7.65,524.0,2120,,,,166,176,277,211,229.0,218.0,1.31,0.0,0.0,,--,0.0,8,2118,2120,601,816
225,2021-10-02 15:09:00,10.57,701.0,3002,,,,148,182,284,153,120.0,112.0,1.39,0.0,0.0,,--,0.0,21,2849,3185,605,652
226,2021-08-02 16:10:00,11.95,829.0,3870,,,,161,173,324,209,174.0,176.0,1.15,0.0,0.0,,--,0.0,12,3867,3870,606,760
227,2021-07-02 14:40:00,12.13,834.0,3182,,,,163,180,262,132,111.0,100.0,1.4,0.0,0.0,,--,0.0,31,3175,3211,580,615
228,2021-05-02 15:55:00,13.0,869.0,3458,,,,165,179,266,145,351.0,349.0,1.36,0.0,0.0,,--,0.0,13,3422,3498,606,792
229,2021-03-02 16:51:00,11.0,751.0,2887,,,,163,174,262,77,160.0,151.0,1.4,0.0,0.0,,--,0.0,11,2885,2887,581,640
230,2021-01-02 17:15:00,7.79,534.0,2739,,,,156,237,352,184,267.0,269.0,1.1,0.0,0.0,,--,0.0,8,2731,3096,606,866
231,2021-01-30 15:06:00,15.02,1.023,3821,,,,166,178,254,193,43.0,48.0,1.42,0.0,0.0,,--,0.0,16,3819,3821,127,155
232,2021-01-29 16:56:00,12.24,727.0,3046,156.0,176.0,3.6,166,178,249,202,33.0,34.0,1.45,0.0,0.0,,--,12.0,5,3044,3046,137,160
233,2021-01-27 15:53:00,8.09,499.0,2250,147.0,160.0,2.9,168,176,278,235,29.0,29.0,1.29,0.0,0.0,,--,11.0,1,2250,2250,153,172
234,2021-01-26 15:54:00,12.12,721.0,3075,154.0,170.0,3.4,165,221,254,186,33.0,32.0,1.42,0.0,0.0,,--,9.0,12,3061,3075,147,161
235,2021-01-24 10:50:00,12.01,827.0,3561,156.0,181.0,3.5,156,235,297,164,180.0,183.0,1.28,0.0,0.0,,--,8.0,22,3517,3692,137,159
236,2021-01-23 11:02:00,11.5,709.0,3015,155.0,190.0,3.7,168,185,262,234,32.0,25.0,1.36,0.0,0.0,,--,13.0,1,3013,3015,141,167
237,2021-01-22 15:36:00,11.0,652.0,2778,156.0,173.0,3.5,166,178,253,171,31.0,32.0,1.43,0.0,0.0,,--,7.0,36,2777,2778,137,160
238,2021-01-20 15:28:00,12.0,748.0,3051,161.0,183.0,3.9,168,181,254,177,33.0,34.0,1.41,0.0,0.0,,--,14.0,13,3047,3051,137,158
239,2021-01-19 15:28:00,7.48,582.0,2468,153.0,181.0,3.2,162,171,330,271,15.0,12.0,1.12,0.0,0.0,,--,10.0,1,2460,2766,141,152
240,2021-01-17 10:15:00,11.0,686.0,2855,156.0,172.0,3.5,170,181,260,189,30.0,31.0,1.36,0.0,0.0,,--,9.0,1,2855,2855,141,160
241,2021-01-16 11:14:00,11.5,663.0,3106,147.0,160.0,2.9,166,178,270,241,25.0,17.0,1.34,0.0,0.0,,--,8.0,2,3105,3106,156,166
242,2021-01-14 15:57:00,11.51,653.0,2958,153.0,175.0,3.3,166,188,257,162,28.0,22.0,1.41,0.0,0.0,,--,4.0,21,2955,2959,152,163
243,2021-12-01 15:52:00,15.15,1.027,4620,154.0,179.0,3.4,164,176,305,259,52.0,50.0,1.2,0.0,0.0,,--,10.0,1,4613,4649,154,176
244,2021-10-01 10:50:00,15.0,941.0,3803,161.0,184.0,3.8,168,176,253,207,43.0,39.0,1.41,0.0,0.0,,--,7.0,1,3802,3803,140,165
245,2021-08-01 15:39:00,12.06,703.0,3001,156.0,173.0,3.4,169,177,249,195,39.0,39.0,1.42,0.0,0.0,,--,10.0,7,3000,3001,138,161
246,2021-06-01 15:54:00,8.15,557.0,2190,160.0,188.0,3.5,168,174,269,241,24.0,24.0,1.33,0.0,0.0,,--,9.0,1,2189,2190,140,160
247,2021-05-01 15:58:00,12.0,768.0,3184,156.0,174.0,3.5,167,236,265,166,24.0,23.0,1.35,0.0,0.0,,--,9.0,22,3177,3258,151,160
248,2021-03-01 10:21:00,10.0,649.0,2606,158.0,168.0,3.4,167,178,261,194,24.0,24.0,1.37,0.0,0.0,,--,8.0,3,2603,2606,149,161
249,2021-02-01 11:19:00,12.0,692.0,2971,152.0,169.0,3.3,168,179,247,170,29.0,27.0,1.45,0.0,0.0,,--,11.0,3,2969,2971,139,162
